Fecha Clase,Hora,Duracion Minutos,Alumno,Profesor,Idioma,Lugar,Ubicacion,Pago,Precio,Moneda,Temas
01-06-2023,9,55,NORMAN LOBREGAT,MARGIE OSPINA,ESPAÑOL,TEAMS,Mazanec Group,TARJETA,26,EURO,30335
30-05-2023,18,57,MURRAY VICARIO,MARGO ALLEMOND,FRANCES,ZOOM,Eastmond Cosmetics,EFECTIVO,28,DOLAR,
29-04-2023,12,56,EMMETT GOLZ,PATTI CHIEFFO,ALEMAN,TEAMS,Chestand Group,TARJETA,21,EURO,
25-04-2023,15,45,JULI PODESTA,MARGIE OSPINA,ESPAÑOL,TEAMS,Heare and Sons,TRANSFERENCIA,23,EURO,
18-04-2023,8,47,HEE STANALAND,MARGIE OSPINA,ESPAÑOL,TEAMS,Binette International,TARJETA,28,EURO,20434
12-04-2023,15,51,PARTICIA SUKHU,MARGIE OSPINA,ESPAÑOL,TEAMS,Muehl Studios,BIZUM,27,EURO,
07-04-2023,17,54,GRAZYNA WIEDYK,PAUL KELCOURSE,ESPAÑOL,DOMICILIO,Grogan Pharmaceuticals,CUPON,26,DOLAR,
21-03-2023,16,47,SON MCLAGAN,PATRICE BECH,ITALIANO,ZOOM,Wallentine Pharmaceuticals,CUPON,24,DOLAR,
19-02-2023,12,55,ALEX BINETTE,PAULINA KRETLOW,FRANCES,DOMICILIO,Halpainy Corporation,PAYPAL,22,DOLAR,
16-02-2023,9,52,VICTOR ACKEN,PATTI CHIEFFO,ALEMAN,TEAMS,Namdar Studios,BIZUM,28,EURO,
06-02-2023,12,56,JULEE MEGINNES,MARGIE OSPINA,ESPAÑOL,TEAMS,Hamm Studios,BIZUM,21,EURO,
05-02-2023,18,45,ERICK HICKOCK,PASTY KIRSCHKE,ITALIANO,TEAMS,Ospina Pharmaceuticals,TRANSFERENCIA,20,EURO,
19-01-2023,8,48,FRANCIE HODES,PAUL KELCOURSE,ESPAÑOL,DOMICILIO,Tavernier Pharmaceuticals,PAYPAL,28,DOLAR,
13-01-2023,17,50,JANNA DUPERCLAY,MARGIE OSPINA,ESPAÑOL,TEAMS,Esperanza Design,TARJETA,27,EURO,
02-01-2023,19,47,LORIS THIBADEAU,MARGARITO CLELAND,ALEMAN,DOMICILIO,Dietrick Company,EFECTIVO,27,DOLAR,
27-12-2022,11,47,ROSEANNE LANTGEN,MARGO ALLEMOND,FRANCES,ZOOM,Conforto Company,CUPON,21,DOLAR,
15-12-2022,15,53,TIM BLASINGIM,MARGET MUEHL,INGLES,TEAMS,Dulan Group,TRANSFERENCIA,23,EURO,
08-12-2022,14,57,SPRING JESSAMY,MARGO ALLEMOND,FRANCES,ZOOM,Mcgraff Corporation,EFECTIVO,21,DOLAR,
08-12-2022,13,59,BRYANT FOK,MARGARETTE MIZWICKI,INGLES,ZOOM,Pecatoste Company,PAYPAL,22,DOLAR,
30-11-2022,14,45,SPRING JESSAMY,PAULINA KRETLOW,FRANCES,DOMICILIO,Flournay Group,EFECTIVO,20,DOLAR,
21-11-2022,16,59,DARCY PAPEN,PAUL KELCOURSE,ESPAÑOL,DOMICILIO,Rompf Studios,EFECTIVO,24,DOLAR,
28-10-2022,19,50,PATRICIA WILSON,MARGE WAKEHAM,ESPAÑOL,ZOOM,Rudack Studios,PAYPAL,26,DOLAR,
11-10-2022,9,47,DANIELLE NETT,PATTI CHIEFFO,ALEMAN,TEAMS,Duperclay Pharmaceuticals,BIZUM,25,EURO,
18-09-2022,16,53,PENNEY PENTON,PATRICE BECH,ITALIANO,ZOOM,Kosir and Sons,PAYPAL,20,DOLAR,
17-09-2022,17,54,PATRINA ALMSTEADT,PAUL KELCOURSE,ESPAÑOL,DOMICILIO,Rosenthall Heavy Industries,CUPON,28,DOLAR,
16-09-2022,13,59,MARGE WAKEHAM,PATRICE BECH,ITALIANO,ZOOM,Glanton Group,PAYPAL,21,DOLAR,
15-09-2022,12,58,ENOCH STRINI,PATRICE BECH,ITALIANO,ZOOM,Pensick Group,EFECTIVO,25,DOLAR,
10-08-2022,10,52,ALEX BINETTE,PAULINA KRETLOW,FRANCES,DOMICILIO,Bendlage Cosmetics,CUPON,20,DOLAR,
26-07-2022,13,46,DEIRDRE TRUDICS,PARKER MOREL,INGLES,DOMICILIO,Fote Studios,PAYPAL,26,DOLAR,
21-07-2022,8,53,SHANNAN MESEROLE,MARGARITO CLELAND,ALEMAN,DOMICILIO,Varnell Group,CUPON,26,DOLAR,
19-07-2022,19,55,YVONE KELTT,PAUL KELCOURSE,ESPAÑOL,DOMICILIO,Williams Pharmaceuticals,CUPON,23,DOLAR,
06-07-2022,10,50,ISRAEL BENDLAGE,MARGARITO CLELAND,ALEMAN,DOMICILIO,Dardar Cosmetics,PAYPAL,26,DOLAR,
29-06-2022,11,57,ROSALYN WANVIG,PARTICIA SUKHU,FRANCES,TEAMS,Yuska Cosmetics,BIZUM,24,EURO,
26-06-2022,8,48,ELA BISESI,MARGO ALLEMOND,FRANCES,ZOOM,Turnner Heavy Industries,CUPON,24,DOLAR,
07-06-2022,14,56,HYRUM GOODSPEED,MARGET MUEHL,INGLES,TEAMS,Gammons Pharmaceuticals,TARJETA,23,EURO,
28-05-2022,11,55,DANYELLE SONGSTER,PATRINA ALMSTEADT,ALEMAN,ZOOM,Plowden Cosmetics,EFECTIVO,29,DOLAR,
10-05-2022,14,53,DELENA BOST,MARGARETTE MIZWICKI,INGLES,ZOOM,Svatek Design,PAYPAL,26,DOLAR,
01-04-2022,12,55,GUILLERMO REMSBURG,MARGET MUEHL,INGLES,TEAMS,Bekerman Heavy Industries,TARJETA,20,EURO,
24-03-2022,9,46,PEARLINE WEINBAUER,MARYANN CHAMP,ITALIANO,MEET,Shaggy Design,TARJETA,25,EURO,
25-02-2022,13,51,ROSARIA SIDLES,PATRINA ALMSTEADT,ALEMAN,ZOOM,Ropac Pharmaceuticals,CUPON,26,DOLAR,
07-02-2022,9,52,MARGO ALLEMOND,PARTICIA SUKHU,FRANCES,TEAMS,Andonian International,BIZUM,21,EURO,
24-01-2022,17,51,CAROL METRICK,MARGO ALLEMOND,FRANCES,ZOOM,Perrine International,PAYPAL,29,DOLAR,
19-01-2022,10,59,ZAVERT ZIMMER,MARGARITO CLELAND,ALEMAN,DOMICILIO,Koschnitzki Cosmetics,EFECTIVO,22,DOLAR,
11-01-2022,16,52,MACKENZIE AUCTER,PARKER MOREL,INGLES,DOMICILIO,Cleland Pharmaceuticals,CUPON,25,DOLAR,
07-01-2022,8,52,PATRINA ALMSTEADT,PAUL KELCOURSE,ESPAÑOL,DOMICILIO,Rosenthall Heavy Industries,EFECTIVO,21,DOLAR,
05-01-2022,14,52,MARY KOSSEN,MARGE WAKEHAM,ESPAÑOL,ZOOM,Meckler International,EFECTIVO,26,DOLAR,
15-12-2021,12,55,BRANDY GENCO,PAULITA GASKILL,ESPAÑOL,MEET,Henscheid Heavy Industries,BIZUM,25,EURO,
11-12-2021,8,55,KYLEE EDWADS,MARGIE OSPINA,ESPAÑOL,TEAMS,Cake Group,BIZUM,27,EURO,
25-11-2021,12,54,OTHA MURTON,VICTOR ACKEN,FRANCES,MEET,Schoepfer Heavy Industries,TRANSFERENCIA,22,EURO,
21-11-2021,11,58,ALEX BINETTE,PAULINA KRETLOW,FRANCES,DOMICILIO,Bendlage Cosmetics,PAYPAL,20,DOLAR,
24-09-2021,8,47,PATIENCE CALDERSON,MARGARETTE MIZWICKI,INGLES,ZOOM,Greyovich Group,EFECTIVO,23,DOLAR,
21-09-2021,16,55,PERRY SQUINES,MARGARITO CLELAND,ALEMAN,DOMICILIO,Zimmer Group,EFECTIVO,21,DOLAR,
17-09-2021,9,50,GUILLERMO REMSBURG,MARGET MUEHL,INGLES,TEAMS,Tsai Company,TARJETA,28,EURO,
24-08-2021,9,49,MARVA RIEKERT,VICTOR ACKEN,FRANCES,MEET,Soldavini and Sons,BIZUM,23,EURO,
14-08-2021,17,59,RUDOLPH BEKERMAN,PASTY KIRSCHKE,ITALIANO,TEAMS,Israelsen Group,BIZUM,23,EURO,
23-06-2021,8,59,TIM BLASINGIM,MARGET MUEHL,INGLES,TEAMS,Wichrowski Pharmaceuticals,TRANSFERENCIA,27,EURO,
18-05-2021,8,45,BUDDY GLANTON,MARGE WAKEHAM,ESPAÑOL,ZOOM,Niskala and Sons,PAYPAL,28,DOLAR,
05-05-2021,17,57,JESSIKA DOORN,MARYANN CHAMP,ITALIANO,MEET,Micalizzi Company,TRANSFERENCIA,26,EURO,
03-05-2021,16,55,EFFIE REINHOLT,PAULENE PENSICK,INGLES,MEET,Wiedyk Heavy Industries,TARJETA,20,EURO,
03-04-2021,12,58,CODI SIMISON,VICTOR ACKEN,FRANCES,MEET,Livshits Corporation,BIZUM,22,EURO,
17-03-2021,12,51,ALEX LOERA,MARGIE OSPINA,ESPAÑOL,TEAMS,Chieffo International,BIZUM,20,EURO,
12-03-2021,11,45,MARGARETTE MIZWICKI,MARYANN CHAMP,ITALIANO,MEET,Johal Heavy Industries,BIZUM,22,EURO,
23-02-2021,15,48,EDWIN FANNINGS,PAULENE PENSICK,INGLES,MEET,Mcelderry Design,TARJETA,24,EURO,
21-02-2021,9,52,EDA FAIGLEY,PATIENCE CALDERSON,ALEMAN,MEET,Bohs International,BIZUM,27,EURO,
06-02-2021,15,57,PAULINA KRETLOW,PAULENE PENSICK,INGLES,MEET,Phillips Pharmaceuticals,TRANSFERENCIA,25,EURO,
10-01-2021,12,49,YVONE KELTT,PAUL KELCOURSE,ESPAÑOL,DOMICILIO,Galindo Design,PAYPAL,28,DOLAR,
05-01-2021,14,54,SCOTTY GOFFREDO,PATIENCE CALDERSON,ALEMAN,MEET,Dall International,TARJETA,21,EURO,
01-01-2021,16,54,HEE STANALAND,MARGIE OSPINA,ESPAÑOL,TEAMS,Nishioka Pharmaceuticals,TARJETA,27,EURO,
29-12-2020,18,50,PARKER MOREL,PASTY KIRSCHKE,ITALIANO,TEAMS,Remsburg Cosmetics,TRANSFERENCIA,26,EURO,
25-12-2020,13,59,SON MCLAGAN,PATRICE BECH,ITALIANO,ZOOM,Trigillo Pharmaceuticals,CUPON,24,DOLAR,
22-12-2020,14,55,JAMES WILLIAMS,MARYANNE KARRO,ITALIANO,DOMICILIO,Keemer Cosmetics,PAYPAL,21,DOLAR,
19-12-2020,14,46,ANGELO CARREON,MARGIE OSPINA,ESPAÑOL,TEAMS,Whetzell Studios,TRANSFERENCIA,28,EURO,
11-12-2020,19,51,JAMISON SCROBOLA,MARGE WAKEHAM,ESPAÑOL,ZOOM,Magpuri Design,CUPON,27,DOLAR,
08-12-2020,10,58,ROSEMARIE STEFANICH,PARTICIA SUKHU,FRANCES,TEAMS,Clippard Design,TARJETA,24,EURO,
06-12-2020,14,52,OTHA MURTON,VICTOR ACKEN,FRANCES,MEET,Schoepfer Heavy Industries,BIZUM,28,EURO,
13-11-2020,13,51,HOMER TRIGILLO,PAULITA GASKILL,ESPAÑOL,MEET,Lobregat Group,TARJETA,28,EURO,
10-11-2020,17,58,ALVIN GAGNER,PAULENE PENSICK,INGLES,MEET,Chambers Studios,TRANSFERENCIA,20,EURO,
24-10-2020,11,51,IVETTE CORRETT,MARGET MUEHL,INGLES,TEAMS,Glassner Company,TARJETA,24,EURO,
05-10-2020,9,57,EUSTOLIA TEMORES,PAULITA GASKILL,ESPAÑOL,MEET,Charter Design,BIZUM,24,EURO,
01-09-2020,15,58,MARYANN CHAMP,PATRICE BECH,ITALIANO,ZOOM,Allemond Heavy Industries,CUPON,22,DOLAR,
25-08-2020,13,46,CELINDA MONK,PARKER MOREL,INGLES,DOMICILIO,Falsetti Heavy Industries,PAYPAL,24,DOLAR,
02-08-2020,17,58,HELENA EBERHARD,MARGE WAKEHAM,ESPAÑOL,ZOOM,Wilson Heavy Industries,CUPON,24,DOLAR,
29-07-2020,9,57,RUTH GRAHAM,PARKER MOREL,INGLES,DOMICILIO,Hagglund Pharmaceuticals,EFECTIVO,29,DOLAR,
07-06-2020,13,45,PEARLINE WEINBAUER,MARYANN CHAMP,ITALIANO,MEET,Riccardo Group,TRANSFERENCIA,28,EURO,
20-05-2020,16,49,VICTOR ACKEN,PATTI CHIEFFO,ALEMAN,TEAMS,Namdar Studios,TARJETA,26,EURO,
18-05-2020,17,50,BRANDY GENCO,PAULITA GASKILL,ESPAÑOL,MEET,Henscheid Heavy Industries,TARJETA,28,EURO,
14-05-2020,11,59,LUIGI NORED,PATIENCE CALDERSON,ALEMAN,MEET,Ulery Group,BIZUM,20,EURO,
06-05-2020,16,57,WINNIFRED KEATS,PARKER MOREL,INGLES,DOMICILIO,Graham and Sons,EFECTIVO,20,DOLAR,
23-03-2020,17,50,LUCIANO LINGENFELTER,PARTICIA SUKHU,FRANCES,TEAMS,Lantgen Cosmetics,TRANSFERENCIA,25,EURO,
23-03-2020,15,45,ISRAEL BENDLAGE,MARGARITO CLELAND,ALEMAN,DOMICILIO,Koper Group,CUPON,28,DOLAR,
13-03-2020,8,48,AMI DARDAR,PATTI CHIEFFO,ALEMAN,TEAMS,Morais Group,TRANSFERENCIA,26,EURO,
12-03-2020,14,52,SHALON JOHAL,MARGET MUEHL,INGLES,TEAMS,Fannings Design,TRANSFERENCIA,24,EURO,
29-02-2020,19,57,CHET GERVIN,MARYANNE KARRO,ITALIANO,DOMICILIO,Cacace Cosmetics,EFECTIVO,29,DOLAR,
10-02-2020,9,45,ANGEL SAKODA,PARKER MOREL,INGLES,DOMICILIO,Iannotti Studios,EFECTIVO,29,DOLAR,
30-01-2020,13,50,PATTI CHIEFFO,MARGO ALLEMOND,FRANCES,ZOOM,Thorsten Heavy Industries,EFECTIVO,23,DOLAR,
14-01-2020,16,51,SUZANN BEARS,PARKER MOREL,INGLES,DOMICILIO,Kurohara and Sons,CUPON,28,DOLAR,
11-01-2020,16,50,LUCIENNE BINSFELD,MARGARITO CLELAND,ALEMAN,DOMICILIO,Montbriand Pharmaceuticals,CUPON,22,DOLAR,
27-12-2019,13,53,MADALENE WEAVERS,MARGE WAKEHAM,ESPAÑOL,ZOOM,Mazella Studios,PAYPAL,22,DOLAR,
18-12-2019,11,57,JACKLYN NISKALA,MARYANNE KARRO,ITALIANO,DOMICILIO,King Pharmaceuticals,CUPON,20,DOLAR,
17-12-2019,17,48,LUDIVINA FRIIS,PARTICIA SUKHU,FRANCES,TEAMS,Gatling Pharmaceuticals,BIZUM,21,EURO,
10-12-2019,16,54,CELINDA MONK,PARKER MOREL,INGLES,DOMICILIO,Millott Studios,CUPON,29,DOLAR,
20-11-2019,13,55,DANYELLE SONGSTER,PATRINA ALMSTEADT,ALEMAN,ZOOM,Simmon Design,PAYPAL,28,DOLAR,
18-11-2019,15,45,LUCIUS SANTUCCI,PAULINA KRETLOW,FRANCES,DOMICILIO,Dominis and Sons,EFECTIVO,22,DOLAR,
17-11-2019,8,57,WILFRED WELCH,MARGARITO CLELAND,ALEMAN,DOMICILIO,Spellane Heavy Industries,PAYPAL,23,DOLAR,
14-11-2019,15,53,FRANCIE HODES,PAUL KELCOURSE,ESPAÑOL,DOMICILIO,Lownsbery Studios,CUPON,29,DOLAR,
13-11-2019,14,45,DARIUS ULERY,PAULITA GASKILL,ESPAÑOL,MEET,Goffredo Pharmaceuticals,BIZUM,22,EURO,
02-11-2019,18,57,ROSARIA SIDLES,PATRINA ALMSTEADT,ALEMAN,ZOOM,Betran Cosmetics,PAYPAL,23,DOLAR,
30-10-2019,15,47,QUINN YERDON,PAUL KELCOURSE,ESPAÑOL,DOMICILIO,Bjerke Group,EFECTIVO,28,DOLAR,
25-10-2019,9,45,DARELL EASTMOND,PATIENCE CALDERSON,ALEMAN,MEET,Santucci Group,TRANSFERENCIA,27,EURO,
23-10-2019,16,54,OLIVER DAMOUR,MARGET MUEHL,INGLES,TEAMS,Stoermer Design,TRANSFERENCIA,22,EURO,
08-10-2019,9,47,SHANTAY RELIC,MARGO ALLEMOND,FRANCES,ZOOM,Girardi Studios,PAYPAL,22,DOLAR,
04-10-2019,16,48,ELA BISESI,MARGO ALLEMOND,FRANCES,ZOOM,Turnner Heavy Industries,PAYPAL,29,DOLAR,
25-09-2019,11,46,JULEE MEGINNES,MARGIE OSPINA,ESPAÑOL,TEAMS,Strong Design,TARJETA,26,EURO,
12-09-2019,8,52,DELENA BOST,MARGARETTE MIZWICKI,INGLES,ZOOM,Falldorf Pharmaceuticals,CUPON,25,DOLAR,
02-09-2019,19,58,GRETTA GRUNDER,MARGET MUEHL,INGLES,TEAMS,Osterfeld Design,BIZUM,27,EURO,
24-08-2019,8,50,CESAR TIGERT,PATRINA ALMSTEADT,ALEMAN,ZOOM,Grimstead Company,PAYPAL,24,DOLAR,
13-08-2019,12,57,JACKLYN NISKALA,MARYANNE KARRO,ITALIANO,DOMICILIO,Calderson and Sons,PAYPAL,24,DOLAR,
27-07-2019,11,58,RUDOLPH BEKERMAN,PASTY KIRSCHKE,ITALIANO,TEAMS,Burland Group,TRANSFERENCIA,28,EURO,
14-07-2019,15,52,DARCY PAPEN,PAUL KELCOURSE,ESPAÑOL,DOMICILIO,Rompf Studios,CUPON,22,DOLAR,
21-06-2019,19,53,MARGARITO CLELAND,MARYANN CHAMP,ITALIANO,MEET,Bravard Group,TARJETA,28,EURO,
16-06-2019,19,52,WILFRED WELCH,MARGARITO CLELAND,ALEMAN,DOMICILIO,Sukhu Heavy Industries,PAYPAL,24,DOLAR,
06-06-2019,17,51,PERRY SQUINES,MARGARITO CLELAND,ALEMAN,DOMICILIO,Old Group,EFECTIVO,27,DOLAR,
04-06-2019,15,55,DARRICK LEAVENWORTH,PAUL KELCOURSE,ESPAÑOL,DOMICILIO,Reinholt Pharmaceuticals,CUPON,27,DOLAR,
29-05-2019,14,46,PAUL KELCOURSE,VICTOR ACKEN,FRANCES,MEET,Fok Design,BIZUM,24,EURO,
26-05-2019,18,57,PAUL KELCOURSE,VICTOR ACKEN,FRANCES,MEET,Flow Design,BIZUM,24,EURO,
18-05-2019,9,59,JEWEL CLIPPARD,PAULINA KRETLOW,FRANCES,DOMICILIO,Matalka Cosmetics,EFECTIVO,25,DOLAR,
02-05-2019,16,56,DAISY LIDDICOAT,PAULENE PENSICK,INGLES,MEET,Viox Design,TRANSFERENCIA,23,EURO,
25-04-2019,16,46,MARGE WAKEHAM,PATRICE BECH,ITALIANO,ZOOM,Mooe Pharmaceuticals,CUPON,26,DOLAR,
29-03-2019,15,51,MACHELLE VANDEVSEN,PAULENE PENSICK,INGLES,MEET,Hickock Heavy Industries,TARJETA,28,EURO,
29-03-2019,17,57,MARYANNE KARRO,PATRICE BECH,ITALIANO,ZOOM,McLagan Company,PAYPAL,28,DOLAR,
20-03-2019,10,52,LANI WINWARD,PAUL KELCOURSE,ESPAÑOL,DOMICILIO,Ignowski International,CUPON,29,DOLAR,
27-02-2019,17,53,WINDY BOSAK,MARGO ALLEMOND,FRANCES,ZOOM,Letran Design,EFECTIVO,22,DOLAR,
13-02-2019,10,54,JARROD SEIDMAN,PATIENCE CALDERSON,ALEMAN,MEET,Elland International,TRANSFERENCIA,24,EURO,
10-02-2019,9,59,TOM CAN,MARYANN CHAMP,ITALIANO,MEET,Leavenworth Heavy Industries,TRANSFERENCIA,23,EURO,
08-02-2019,13,48,AMI DARDAR,PATTI CHIEFFO,ALEMAN,TEAMS,Esmay International,TRANSFERENCIA,25,EURO,
31-01-2019,14,49,JULI PODESTA,MARGIE OSPINA,ESPAÑOL,TEAMS,Temores and Sons,TRANSFERENCIA,21,EURO,
12-01-2019,18,59,LAVETA WIDA,PASTY KIRSCHKE,ITALIANO,TEAMS,Lingenfelter Studios,TARJETA,27,EURO,
09-01-2019,10,52,GWENDOLYN PLOWDEN,PAULENE PENSICK,INGLES,MEET,Juback Design,TRANSFERENCIA,28,EURO,
08-01-2019,17,56,JARED SIETZ,PATTI CHIEFFO,ALEMAN,TEAMS,Trevey Group,BIZUM,21,EURO,
27-12-2018,16,50,PAULINA KRETLOW,PAULENE PENSICK,INGLES,MEET,Genco Studios,TRANSFERENCIA,27,EURO,
25-12-2018,16,58,PASTY KIRSCHKE,PAULITA GASKILL,ESPAÑOL,MEET,Bateman Studios,TARJETA,22,EURO,
13-12-2018,16,54,ALEX LOERA,MARGIE OSPINA,ESPAÑOL,TEAMS,Chieffo International,TRANSFERENCIA,21,EURO,
10-12-2018,10,47,JANNA DUPERCLAY,MARGIE OSPINA,ESPAÑOL,TEAMS,Esperanza Design,BIZUM,29,EURO,
05-12-2018,10,51,SHANNAN MESEROLE,MARGARITO CLELAND,ALEMAN,DOMICILIO,Varnell Group,PAYPAL,22,DOLAR,
29-11-2018,18,58,GWENDOLYN GALINDO,MARGARETTE MIZWICKI,INGLES,ZOOM,Monk Studios,EFECTIVO,22,DOLAR,
01-11-2018,16,56,PATRICIA WILSON,MARGE WAKEHAM,ESPAÑOL,ZOOM,Heumann Cosmetics,EFECTIVO,22,DOLAR,
07-10-2018,9,49,MARGOT MORIN,PATRICE BECH,ITALIANO,ZOOM,Arana Pharmaceuticals,PAYPAL,23,DOLAR,
27-09-2018,19,45,CAROL CITINO,PAULITA GASKILL,ESPAÑOL,MEET,Faur Pharmaceuticals,TARJETA,27,EURO,
13-09-2018,9,58,KIRA BREST,PATTI CHIEFFO,ALEMAN,TEAMS,Lowery Cosmetics,BIZUM,21,EURO,
08-09-2018,8,56,DELENA BOST,MARGARETTE MIZWICKI,INGLES,ZOOM,Svatek Design,EFECTIVO,26,DOLAR,
20-08-2018,17,56,PENNEY PENTON,PATRICE BECH,ITALIANO,ZOOM,Morel Pharmaceuticals,PAYPAL,27,DOLAR,
09-08-2018,17,52,GWENDOLYN PLOWDEN,PAULENE PENSICK,INGLES,MEET,Jungling Cosmetics,TARJETA,24,EURO,
28-06-2018,12,52,ELAINE MONCURE,MARGE WAKEHAM,ESPAÑOL,ZOOM,Goodspeed Pharmaceuticals,CUPON,25,DOLAR,
23-06-2018,10,52,ERICA SHORTES,PARTICIA SUKHU,FRANCES,TEAMS,Lempka Heavy Industries,TRANSFERENCIA,25,EURO,
08-06-2018,12,47,ELDON LANNON,PATRICE BECH,ITALIANO,ZOOM,Fesperman Studios,EFECTIVO,22,DOLAR,
04-06-2018,9,46,ALVIN GAGNER,PAULENE PENSICK,INGLES,MEET,Chambers Studios,BIZUM,21,EURO,
02-06-2018,18,51,JAIME GREYOVICH,PASTY KIRSCHKE,ITALIANO,TEAMS,Vandevsen Pharmaceuticals,TRANSFERENCIA,26,EURO,
31-05-2018,18,51,MARYANNE KARRO,PATRICE BECH,ITALIANO,ZOOM,Sanagustin Corporation,CUPON,21,DOLAR,
28-05-2018,8,48,PENNEY PENTON,PATRICE BECH,ITALIANO,ZOOM,Kosir and Sons,EFECTIVO,27,DOLAR,
26-05-2018,13,46,ZAVERT ZIMMER,MARGARITO CLELAND,ALEMAN,DOMICILIO,Vanover Studios,CUPON,25,DOLAR,
19-05-2018,18,48,NORAH ROMPF,PAULINA KRETLOW,FRANCES,DOMICILIO,Snater Cosmetics,CUPON,27,DOLAR,
10-05-2018,15,50,HAZEL BOHS,PATIENCE CALDERSON,ALEMAN,MEET,Widerski International,BIZUM,21,EURO,
28-04-2018,15,52,ANGELO CARREON,MARGIE OSPINA,ESPAÑOL,TEAMS,Pickenpaugh Design,TRANSFERENCIA,20,EURO,
24-04-2018,15,56,NORMAND LOWNSBERY,PASTY KIRSCHKE,ITALIANO,TEAMS,Grumney Design,TRANSFERENCIA,21,EURO,
27-03-2018,18,45,TERRELL STASSEN,PARKER MOREL,INGLES,DOMICILIO,Acken and Sons,EFECTIVO,29,DOLAR,
24-03-2018,8,47,ELDON LANNON,PATRICE BECH,ITALIANO,ZOOM,Ruffin Pharmaceuticals,EFECTIVO,26,DOLAR,
16-03-2018,17,46,REYES PACZKOWSKI,PAULINA KRETLOW,FRANCES,DOMICILIO,Suders and Sons,PAYPAL,28,DOLAR,
05-03-2018,14,58,VICTOR ACKEN,PATTI CHIEFFO,ALEMAN,TEAMS,Hanhardt Group,BIZUM,27,EURO,
26-02-2018,8,48,MARGET MUEHL,PATTI CHIEFFO,ALEMAN,TEAMS,Applonie International,BIZUM,28,EURO,
21-02-2018,18,59,BARBAR FIDEL,PAULENE PENSICK,INGLES,MEET,Bost Pharmaceuticals,TARJETA,26,EURO,
15-02-2018,10,47,TERRELL STASSEN,PARKER MOREL,INGLES,DOMICILIO,Bonaguidi Company,CUPON,27,DOLAR,
13-02-2018,19,49,NELSON KOSCHNITZKI,PAULENE PENSICK,INGLES,MEET,Heinzelman Pharmaceuticals,TRANSFERENCIA,24,EURO,
15-01-2018,18,49,KIRA BREST,PATTI CHIEFFO,ALEMAN,TEAMS,Lowery Cosmetics,TARJETA,26,EURO,
31-12-2017,15,49,KYLEE EDWADS,MARGIE OSPINA,ESPAÑOL,TEAMS,Cake Group,TARJETA,22,EURO,
27-12-2017,15,46,JONELL PECATOSTE,VICTOR ACKEN,FRANCES,MEET,Yerdon Heavy Industries,BIZUM,20,EURO,
25-12-2017,17,48,JACKLYN NISKALA,MARYANNE KARRO,ITALIANO,DOMICILIO,Calderson and Sons,CUPON,27,DOLAR,
19-12-2017,9,54,SARAH FLOOK,PATRINA ALMSTEADT,ALEMAN,ZOOM,Sidles Corporation,CUPON,27,DOLAR,
12-12-2017,15,47,MACKENZIE AUCTER,PARKER MOREL,INGLES,DOMICILIO,Cleland Pharmaceuticals,EFECTIVO,29,DOLAR,
26-11-2017,18,55,LLOYD SHACKLEY,PATIENCE CALDERSON,ALEMAN,MEET,Nesland Group,TRANSFERENCIA,29,EURO,
12-11-2017,14,49,PAULENE PENSICK,MARYANNE KARRO,ITALIANO,DOMICILIO,Metrick and Sons,EFECTIVO,22,DOLAR,
31-10-2017,18,49,SYLVIE KOLLMAN,MARYANN CHAMP,ITALIANO,MEET,Sawlivich International,BIZUM,28,EURO,
04-10-2017,16,50,LUCIUS SANTUCCI,PAULINA KRETLOW,FRANCES,DOMICILIO,Spindle Design,EFECTIVO,29,DOLAR,
01-09-2017,13,45,ERICA SHORTES,PARTICIA SUKHU,FRANCES,TEAMS,Montori Pharmaceuticals,TRANSFERENCIA,24,EURO,
22-08-2017,18,49,AMI DARDAR,PATTI CHIEFFO,ALEMAN,TEAMS,Morais Group,TARJETA,22,EURO,
13-08-2017,18,46,SHANAE KEEMER,PATTI CHIEFFO,ALEMAN,TEAMS,Thibadeau Design,TRANSFERENCIA,20,EURO,
27-07-2017,13,56,BUDDY GLANTON,MARGE WAKEHAM,ESPAÑOL,ZOOM,Niskala and Sons,CUPON,26,DOLAR,
25-07-2017,18,59,LUCIANO LINGENFELTER,PARTICIA SUKHU,FRANCES,TEAMS,Igus and Sons,TARJETA,27,EURO,
21-07-2017,18,52,JANEY FORNELL,MARGARETTE MIZWICKI,INGLES,ZOOM,Kantz Studios,EFECTIVO,27,DOLAR,
17-07-2017,15,46,LUCIANA SCHWARTZE,PATRINA ALMSTEADT,ALEMAN,ZOOM,Riekert Corporation,EFECTIVO,20,DOLAR,
15-07-2017,8,47,HYRUM GOODSPEED,MARGET MUEHL,INGLES,TEAMS,Gammons Pharmaceuticals,BIZUM,23,EURO,
08-07-2017,11,53,SARAH FLOOK,PATRINA ALMSTEADT,ALEMAN,ZOOM,Schoch Design,CUPON,26,DOLAR,
19-06-2017,18,53,JAIMEE GAMMONS,MARGARITO CLELAND,ALEMAN,DOMICILIO,Kershner and Sons,CUPON,28,DOLAR,
11-06-2017,10,54,MARGE WAKEHAM,PATRICE BECH,ITALIANO,ZOOM,Mooe Pharmaceuticals,PAYPAL,27,DOLAR,
04-06-2017,9,50,MARGOT MORIN,PATRICE BECH,ITALIANO,ZOOM,Arana Pharmaceuticals,EFECTIVO,23,DOLAR,
02-06-2017,13,48,WINTER PICKENPAUGH,PAULINA KRETLOW,FRANCES,DOMICILIO,Archuletta and Sons,EFECTIVO,28,DOLAR,
27-05-2017,9,47,ENRIQUE SOUTHCOTT,MARYANN CHAMP,ITALIANO,MEET,Hillwig Studios,BIZUM,28,EURO,
24-05-2017,8,47,KRISTINA LIVSHITS,PARKER MOREL,INGLES,DOMICILIO,Eberhard Pharmaceuticals,EFECTIVO,25,DOLAR,
18-05-2017,18,46,SHALON JOHAL,MARGET MUEHL,INGLES,TEAMS,Relic Studios,BIZUM,24,EURO,
12-05-2017,19,47,LEON SCHOEPFER,MARYANNE KARRO,ITALIANO,DOMICILIO,Shiiba and Sons,PAYPAL,29,DOLAR,
29-04-2017,16,48,LATORIA SIPRASOEUTH,PATRINA ALMSTEADT,ALEMAN,ZOOM,Casten International,PAYPAL,22,DOLAR,
28-04-2017,9,53,NELSON KOSCHNITZKI,PAULENE PENSICK,INGLES,MEET,Heinzelman Pharmaceuticals,BIZUM,21,EURO,
17-04-2017,14,48,EDGAR NORTH,VICTOR ACKEN,FRANCES,MEET,Musulin and Sons,BIZUM,25,EURO,
13-04-2017,12,53,BARABARA SUDERS,MARGARETTE MIZWICKI,INGLES,ZOOM,Grunder and Sons,EFECTIVO,28,DOLAR,
13-04-2017,17,48,RUSS VIOX,PATIENCE CALDERSON,ALEMAN,MEET,Can Pharmaceuticals,BIZUM,24,EURO,
09-04-2017,18,54,PAULITA GASKILL,MARYANN CHAMP,ITALIANO,MEET,Welch Group,TARJETA,26,EURO,
23-03-2017,13,56,RUSS VIOX,PATIENCE CALDERSON,ALEMAN,MEET,Verd Group,TRANSFERENCIA,24,EURO,
13-03-2017,12,47,ROSEMARIE STEFANICH,PARTICIA SUKHU,FRANCES,TEAMS,Clippard Design,BIZUM,23,EURO,
28-02-2017,14,46,JANEY FORNELL,MARGARETTE MIZWICKI,INGLES,ZOOM,Blasingim and Sons,CUPON,26,DOLAR,
02-01-2017,14,47,MARGET MUEHL,PATTI CHIEFFO,ALEMAN,TEAMS,Applonie International,TARJETA,20,EURO,
21-12-2016,11,58,DEIRDRE TRUDICS,PARKER MOREL,INGLES,DOMICILIO,Moncure Heavy Industries,CUPON,21,DOLAR,
10-11-2016,16,59,RUTH GRAHAM,PARKER MOREL,INGLES,DOMICILIO,Winward Cosmetics,PAYPAL,20,DOLAR,
27-09-2016,8,56,LOYD HUCKEBA,PATTI CHIEFFO,ALEMAN,TEAMS,Champ Corporation,TRANSFERENCIA,23,EURO,
24-09-2016,10,52,FRANCIE HODES,PAUL KELCOURSE,ESPAÑOL,DOMICILIO,Lownsbery Studios,PAYPAL,22,DOLAR,
20-09-2016,12,53,MARGARITO CLELAND,MARYANN CHAMP,ITALIANO,MEET,Babino Pharmaceuticals,BIZUM,21,EURO,
20-09-2016,11,46,MARGET MUEHL,PATTI CHIEFFO,ALEMAN,TEAMS,Squines International,TARJETA,21,EURO,
17-09-2016,9,50,QUINN YERDON,PAUL KELCOURSE,ESPAÑOL,DOMICILIO,Bjerke Group,CUPON,22,DOLAR,
10-09-2016,14,46,ROSEMARIE STEFANICH,PARTICIA SUKHU,FRANCES,TEAMS,Lavery Design,TARJETA,29,EURO,
02-09-2016,16,59,LATORIA SIPRASOEUTH,PATRINA ALMSTEADT,ALEMAN,ZOOM,Gaskill Design,EFECTIVO,22,DOLAR,
14-08-2016,18,53,CASEY CHESTAND,MARGET MUEHL,INGLES,TEAMS,Keltt Corporation,TRANSFERENCIA,23,EURO,
02-08-2016,19,58,BARI APRESA,PAULITA GASKILL,ESPAÑOL,MEET,Siprasoeuth and Sons,TRANSFERENCIA,23,EURO,
02-08-2016,14,54,TEISHA GRIMSTEAD,MARYANN CHAMP,ITALIANO,MEET,Damour Heavy Industries,BIZUM,24,EURO,
25-07-2016,8,57,MARTH HUISH,MARGARITO CLELAND,ALEMAN,DOMICILIO,Johannesen Studios,PAYPAL,26,DOLAR,
23-07-2016,11,49,ENRIQUE SOUTHCOTT,MARYANN CHAMP,ITALIANO,MEET,Seidman and Sons,TRANSFERENCIA,22,EURO,
17-07-2016,18,49,IVETTE CORRETT,MARGET MUEHL,INGLES,TEAMS,Glassner Company,BIZUM,23,EURO,
28-06-2016,17,46,LUDIVINA FRIIS,PARTICIA SUKHU,FRANCES,TEAMS,Southcott International,TARJETA,21,EURO,
23-06-2016,9,57,GWENDOLYN GALINDO,MARGARETTE MIZWICKI,INGLES,ZOOM,Krauss Pharmaceuticals,EFECTIVO,29,DOLAR,
12-06-2016,8,47,STACY DALL,MARGO ALLEMOND,FRANCES,ZOOM,Friis Cosmetics,EFECTIVO,21,DOLAR,
06-06-2016,10,48,HELENA EBERHARD,MARGE WAKEHAM,ESPAÑOL,ZOOM,Kollman Design,PAYPAL,23,DOLAR,
06-06-2016,16,54,DANNA LUSE,PATRICE BECH,ITALIANO,ZOOM,Widman Group,CUPON,26,DOLAR,
22-05-2016,16,52,HAYWOOD BURD,MARGE WAKEHAM,ESPAÑOL,ZOOM,Mau Studios,CUPON,22,DOLAR,
19-05-2016,17,53,RUTH GRAHAM,PARKER MOREL,INGLES,DOMICILIO,Hagglund Pharmaceuticals,PAYPAL,21,DOLAR,
09-05-2016,9,50,MACKENZIE AUCTER,PARKER MOREL,INGLES,DOMICILIO,Podesta Group,EFECTIVO,25,DOLAR,
21-04-2016,9,49,LUCILLA GERNER,PARKER MOREL,INGLES,DOMICILIO,Loera and Sons,PAYPAL,23,DOLAR,
30-03-2016,11,56,FRANCES ROPAC,PATRINA ALMSTEADT,ALEMAN,ZOOM,Khilling Group,EFECTIVO,29,DOLAR,
29-03-2016,8,55,EFFIE REINHOLT,PAULENE PENSICK,INGLES,MEET,Haris Group,TRANSFERENCIA,26,EURO,
16-03-2016,14,50,PATRICIA WILSON,MARGE WAKEHAM,ESPAÑOL,ZOOM,Rudack Studios,CUPON,29,DOLAR,
24-02-2016,8,57,GRACIELA VALLEY,PARTICIA SUKHU,FRANCES,TEAMS,Trudics Company,TARJETA,22,EURO,
20-02-2016,13,49,DARIUS ULERY,PAULITA GASKILL,ESPAÑOL,MEET,Forbs and Sons,TRANSFERENCIA,25,EURO,
19-02-2016,11,57,MARGARITO CLELAND,MARYANN CHAMP,ITALIANO,MEET,Bravard Group,TRANSFERENCIA,28,EURO,
11-02-2016,15,49,PERRY SQUINES,MARGARITO CLELAND,ALEMAN,DOMICILIO,Zimmer Group,PAYPAL,26,DOLAR,
11-02-2016,10,48,GWENDOLYN PLOWDEN,PAULENE PENSICK,INGLES,MEET,Juback Design,BIZUM,24,EURO,
27-01-2016,16,53,ROSARIA SIDLES,PATRINA ALMSTEADT,ALEMAN,ZOOM,Betran Cosmetics,EFECTIVO,20,DOLAR,
23-01-2016,15,54,SHALON JOHAL,MARGET MUEHL,INGLES,TEAMS,Fannings Design,TARJETA,22,EURO,
19-01-2016,8,55,MARVA RIEKERT,VICTOR ACKEN,FRANCES,MEET,Soldavini and Sons,TARJETA,20,EURO,
15-01-2016,17,58,PATTI CHIEFFO,MARGO ALLEMOND,FRANCES,ZOOM,Burgoyne Group,CUPON,20,DOLAR,
09-01-2016,19,47,CASEY CHESTAND,MARGET MUEHL,INGLES,TEAMS,Shilt Corporation,TRANSFERENCIA,20,EURO,
28-12-2015,17,58,JAMISON SCROBOLA,MARGE WAKEHAM,ESPAÑOL,ZOOM,Botner Pharmaceuticals,CUPON,26,DOLAR,
21-12-2015,9,53,GORDON MARKE,MARYANNE KARRO,ITALIANO,DOMICILIO,Kossen Cosmetics,EFECTIVO,27,DOLAR,
18-12-2015,9,52,WINNIFRED KEATS,PARKER MOREL,INGLES,DOMICILIO,Titch Heavy Industries,CUPON,22,DOLAR,
13-12-2015,15,53,YVONE KELTT,PAUL KELCOURSE,ESPAÑOL,DOMICILIO,Williams Pharmaceuticals,PAYPAL,28,DOLAR,
11-12-2015,8,49,MARGIE OSPINA,VICTOR ACKEN,FRANCES,MEET,Campion Cosmetics,BIZUM,23,EURO,
09-12-2015,8,58,MURRAY VICARIO,MARGO ALLEMOND,FRANCES,ZOOM,Eastmond Cosmetics,CUPON,29,DOLAR,
30-11-2015,10,48,MABELLE BEASTON,PATRINA ALMSTEADT,ALEMAN,ZOOM,Zuelke Group,CUPON,20,DOLAR,
28-11-2015,18,51,DANIELA RICK,PATRINA ALMSTEADT,ALEMAN,ZOOM,Alken Heavy Industries,EFECTIVO,24,DOLAR,
18-11-2015,10,57,CODI SIMISON,VICTOR ACKEN,FRANCES,MEET,Citino International,BIZUM,25,EURO,
13-11-2015,12,45,DARREL OYSTER,MARYANN CHAMP,ITALIANO,MEET,Lifford Design,BIZUM,21,EURO,
05-11-2015,15,54,LAMONT FESPERMAN,PAULITA GASKILL,ESPAÑOL,MEET,Shouts Design,TRANSFERENCIA,29,EURO,
27-10-2015,14,55,WYSTERIA ARANA,PAULENE PENSICK,INGLES,MEET,Penton Cosmetics,TARJETA,20,EURO,
08-10-2015,11,50,HOMER TRIGILLO,PAULITA GASKILL,ESPAÑOL,MEET,Lobregat Group,BIZUM,24,EURO,
29-09-2015,12,46,TRENTON STOERMER,PAUL KELCOURSE,ESPAÑOL,DOMICILIO,Luse Group,EFECTIVO,24,DOLAR,
28-08-2015,15,56,DANNA LUSE,PATRICE BECH,ITALIANO,ZOOM,Wombles International,CUPON,25,DOLAR,
08-08-2015,9,51,LUCINDA DEMASI,MARYANNE KARRO,ITALIANO,DOMICILIO,Stapf Heavy Industries,EFECTIVO,28,DOLAR,
06-08-2015,18,52,BAILEY MAZANEC,PAUL KELCOURSE,ESPAÑOL,DOMICILIO,Rick and Sons,CUPON,22,DOLAR,
31-07-2015,10,48,ELDON LANNON,PATRICE BECH,ITALIANO,ZOOM,Ruffin Pharmaceuticals,PAYPAL,28,DOLAR,
22-07-2015,14,47,RUSS VIOX,PATIENCE CALDERSON,ALEMAN,MEET,Verd Group,TARJETA,25,EURO,
10-07-2015,9,48,PAULITA GASKILL,MARYANN CHAMP,ITALIANO,MEET,Eskaran Studios,TARJETA,24,EURO,
12-06-2015,10,50,JEWEL CLIPPARD,PAULINA KRETLOW,FRANCES,DOMICILIO,Matalka Cosmetics,PAYPAL,28,DOLAR,
07-06-2015,18,45,TEISHA GRIMSTEAD,MARYANN CHAMP,ITALIANO,MEET,Damour Heavy Industries,TRANSFERENCIA,24,EURO,
06-06-2015,18,54,LAKESHIA IGNOWSKI,PAULINA KRETLOW,FRANCES,DOMICILIO,Simonetta Pharmaceuticals,CUPON,24,DOLAR,
26-05-2015,13,50,PATRICE BECH,PATTI CHIEFFO,ALEMAN,TEAMS,Nored Pharmaceuticals,BIZUM,25,EURO,
26-05-2015,19,51,HYRUM GOODSPEED,MARGET MUEHL,INGLES,TEAMS,Almsteadt Heavy Industries,TRANSFERENCIA,26,EURO,
22-05-2015,16,55,OLEVIA HOE,PAULITA GASKILL,ESPAÑOL,MEET,Marke Design,TARJETA,28,EURO,
21-05-2015,18,51,ROSEANNE LANTGEN,MARGO ALLEMOND,FRANCES,ZOOM,Songster Group,CUPON,22,DOLAR,
17-05-2015,11,58,TOM CAN,MARYANN CHAMP,ITALIANO,MEET,Leavenworth Heavy Industries,BIZUM,29,EURO,
28-04-2015,15,47,HOBERT SIMMON,PARTICIA SUKHU,FRANCES,TEAMS,Morin Studios,BIZUM,23,EURO,
20-04-2015,16,47,LEON SCHOEPFER,MARYANNE KARRO,ITALIANO,DOMICILIO,Konwinski Pharmaceuticals,CUPON,24,DOLAR,
15-04-2015,18,48,LUCIANO LINGENFELTER,PARTICIA SUKHU,FRANCES,TEAMS,Lantgen Cosmetics,BIZUM,27,EURO,
14-04-2015,14,48,NORAH ROMPF,PAULINA KRETLOW,FRANCES,DOMICILIO,Verbeck Pharmaceuticals,PAYPAL,24,DOLAR,
07-04-2015,19,55,KIT FURGESON,MARGARETTE MIZWICKI,INGLES,ZOOM,Ramotar Group,EFECTIVO,22,DOLAR,
06-04-2015,19,50,ANGEL SAKODA,PARKER MOREL,INGLES,DOMICILIO,Untalan Cosmetics,PAYPAL,21,DOLAR,
06-04-2015,12,47,ALVIN GAGNER,PAULENE PENSICK,INGLES,MEET,Jessamy Heavy Industries,TRANSFERENCIA,29,EURO,
05-04-2015,13,52,JONELL PECATOSTE,VICTOR ACKEN,FRANCES,MEET,Bufton Group,TRANSFERENCIA,24,EURO,
07-03-2015,17,56,ANGELO CARREON,MARGIE OSPINA,ESPAÑOL,TEAMS,Pickenpaugh Design,BIZUM,20,EURO,
16-02-2015,13,45,PASTY KIRSCHKE,PAULITA GASKILL,ESPAÑOL,MEET,Ladieu Pharmaceuticals,BIZUM,21,EURO,
08-02-2015,18,52,ELAINE MONCURE,MARGE WAKEHAM,ESPAÑOL,ZOOM,Daignault Pharmaceuticals,EFECTIVO,24,DOLAR,
04-02-2015,14,53,MACKENZIE AUCTER,PARKER MOREL,INGLES,DOMICILIO,Podesta Group,PAYPAL,24,DOLAR,
03-02-2015,13,47,HAYWOOD BURD,MARGE WAKEHAM,ESPAÑOL,ZOOM,Apresa Group,PAYPAL,21,DOLAR,
25-01-2015,13,55,SHAD SIMONETTA,VICTOR ACKEN,FRANCES,MEET,Thurmer Cosmetics,BIZUM,23,EURO,
09-01-2015,8,52,SHANNAN MESEROLE,MARGARITO CLELAND,ALEMAN,DOMICILIO,Danaher Design,PAYPAL,28,DOLAR,
26-12-2014,17,51,DONNA PERRINE,PARTICIA SUKHU,FRANCES,TEAMS,Lannon International,TARJETA,20,EURO,
16-12-2014,16,47,WYSTERIA ARANA,PAULENE PENSICK,INGLES,MEET,Weinbauer Cosmetics,BIZUM,26,EURO,
10-12-2014,10,51,LUCIANA SCHWARTZE,PATRINA ALMSTEADT,ALEMAN,ZOOM,Slomer Design,PAYPAL,20,DOLAR,
05-12-2014,16,59,PALMIRA LETRAN,VICTOR ACKEN,FRANCES,MEET,Mclachlan and Sons,TARJETA,25,EURO,
03-12-2014,14,49,JUDITH ECKL,MARGO ALLEMOND,FRANCES,ZOOM,Mcmurrin Heavy Industries,EFECTIVO,29,DOLAR,
19-11-2014,18,58,SPRING JESSAMY,MARGO ALLEMOND,FRANCES,ZOOM,Oginski Corporation,EFECTIVO,23,DOLAR,
02-11-2014,11,57,JEWEL CLIPPARD,PAULINA KRETLOW,FRANCES,DOMICILIO,Scrobola Studios,PAYPAL,29,DOLAR,
25-10-2014,10,46,GWENDOLYN GALINDO,MARGARETTE MIZWICKI,INGLES,ZOOM,Monk Studios,PAYPAL,20,DOLAR,
17-10-2014,13,53,PARKER MOREL,PASTY KIRSCHKE,ITALIANO,TEAMS,Appleman Pharmaceuticals,BIZUM,28,EURO,
13-10-2014,18,47,EPIFANIA URBACH,VICTOR ACKEN,FRANCES,MEET,Meginnes Studios,TARJETA,29,EURO,
12-10-2014,10,46,ERICA SHORTES,PARTICIA SUKHU,FRANCES,TEAMS,Lempka Heavy Industries,BIZUM,21,EURO,
12-10-2014,10,55,PAULITA GASKILL,MARYANN CHAMP,ITALIANO,MEET,Welch Group,TRANSFERENCIA,22,EURO,
11-10-2014,8,55,NELSON KOSCHNITZKI,PAULENE PENSICK,INGLES,MEET,Bech Group,BIZUM,28,EURO,
08-10-2014,16,45,GRETTA GRUNDER,MARGET MUEHL,INGLES,TEAMS,Mew International,TRANSFERENCIA,22,EURO,
03-10-2014,12,45,CHET GERVIN,MARYANNE KARRO,ITALIANO,DOMICILIO,Kretlow Studios,EFECTIVO,26,DOLAR,
24-09-2014,13,52,KIMBRA DING,PATIENCE CALDERSON,ALEMAN,MEET,Fornell Corporation,TARJETA,20,EURO,
10-09-2014,19,52,CHET GERVIN,MARYANNE KARRO,ITALIANO,DOMICILIO,Cacace Cosmetics,CUPON,23,DOLAR,
02-09-2014,19,55,MACHELLE VANDEVSEN,PAULENE PENSICK,INGLES,MEET,Tenda Cosmetics,TRANSFERENCIA,29,EURO,
15-08-2014,13,48,ENOCH STRINI,PATRICE BECH,ITALIANO,ZOOM,Shackley Cosmetics,EFECTIVO,26,DOLAR,
06-08-2014,18,57,JARROD SEIDMAN,PATIENCE CALDERSON,ALEMAN,MEET,Schleiss Design,TRANSFERENCIA,26,EURO,
05-08-2014,19,55,MARVA RIEKERT,VICTOR ACKEN,FRANCES,MEET,Demasi Heavy Industries,TRANSFERENCIA,20,EURO,
27-07-2014,11,52,ZAVERT ZIMMER,MARGARITO CLELAND,ALEMAN,DOMICILIO,Vanover Studios,PAYPAL,25,DOLAR,
15-06-2014,9,54,NORAH ROMPF,PAULINA KRETLOW,FRANCES,DOMICILIO,Verbeck Pharmaceuticals,EFECTIVO,21,DOLAR,
27-05-2014,8,50,CAROL METRICK,MARGO ALLEMOND,FRANCES,ZOOM,Hayford and Sons,EFECTIVO,26,DOLAR,
22-05-2014,16,57,ERIKA DUFFEY,PAULINA KRETLOW,FRANCES,DOMICILIO,Weavers Group,EFECTIVO,29,DOLAR,
15-05-2014,19,47,EDWIN FANNINGS,PAULENE PENSICK,INGLES,MEET,Mcelderry Design,TRANSFERENCIA,28,EURO,
04-05-2014,11,58,YVONE KELTT,PAUL KELCOURSE,ESPAÑOL,DOMICILIO,Galindo Design,EFECTIVO,23,DOLAR,
01-05-2014,18,57,BRANDY GENCO,PAULITA GASKILL,ESPAÑOL,MEET,Kulik Group,TARJETA,28,EURO,
19-03-2014,13,52,PAULENE PENSICK,MARYANNE KARRO,ITALIANO,DOMICILIO,Sibbald Pharmaceuticals,CUPON,29,DOLAR,
11-03-2014,12,54,LEON SCHOEPFER,MARYANNE KARRO,ITALIANO,DOMICILIO,Konwinski Pharmaceuticals,PAYPAL,26,DOLAR,
16-02-2014,14,49,SHANAE KEEMER,PATTI CHIEFFO,ALEMAN,TEAMS,Cramblit Pharmaceuticals,TRANSFERENCIA,21,EURO,
16-02-2014,9,55,ERICK HICKOCK,PASTY KIRSCHKE,ITALIANO,TEAMS,Wolske Design,TRANSFERENCIA,23,EURO,
10-02-2014,17,51,LUIGI NORED,PATIENCE CALDERSON,ALEMAN,MEET,Stoor Group,TARJETA,25,EURO,
01-02-2014,17,51,QUINN YERDON,PAUL KELCOURSE,ESPAÑOL,DOMICILIO,Orouke and Sons,EFECTIVO,25,DOLAR,
27-01-2014,12,52,CAROL CITINO,PAULITA GASKILL,ESPAÑOL,MEET,Faur Pharmaceuticals,TRANSFERENCIA,25,EURO,
24-01-2014,12,45,ELBA MCELDERRY,PATRINA ALMSTEADT,ALEMAN,ZOOM,Huish Pharmaceuticals,PAYPAL,22,DOLAR,
21-01-2014,15,48,JUDITH ECKL,MARGO ALLEMOND,FRANCES,ZOOM,Burkin Cosmetics,PAYPAL,24,DOLAR,
09-11-2013,11,51,EDMOND BARAY,MARYANNE KARRO,ITALIANO,DOMICILIO,Sacks Studios,PAYPAL,21,DOLAR,
06-11-2013,18,58,PATRICE BECH,PATTI CHIEFFO,ALEMAN,TEAMS,Zaeske International,BIZUM,21,EURO,
06-10-2013,14,52,LANETTE ALKEN,PASTY KIRSCHKE,ITALIANO,TEAMS,Beaston Group,TARJETA,28,EURO,
12-09-2013,19,50,CAMI KIRKWOOD,PASTY KIRSCHKE,ITALIANO,TEAMS,Murton Group,BIZUM,23,EURO,
11-09-2013,18,45,BAILEY MAZANEC,PAUL KELCOURSE,ESPAÑOL,DOMICILIO,Brest Cosmetics,PAYPAL,29,DOLAR,
04-09-2013,18,59,DANYELLE SONGSTER,PATRINA ALMSTEADT,ALEMAN,ZOOM,Simmon Design,CUPON,26,DOLAR,
03-09-2013,17,47,LAMONT FESPERMAN,PAULITA GASKILL,ESPAÑOL,MEET,Aubrecht Heavy Industries,BIZUM,24,EURO,
28-08-2013,16,46,LLOYD SHACKLEY,PATIENCE CALDERSON,ALEMAN,MEET,Sietz Design,TARJETA,24,EURO,
26-08-2013,8,55,MARGO ALLEMOND,PARTICIA SUKHU,FRANCES,TEAMS,Andonian International,TRANSFERENCIA,24,EURO,
24-08-2013,10,59,JESSIKA DOORN,MARYANN CHAMP,ITALIANO,MEET,Micalizzi Company,BIZUM,28,EURO,
21-08-2013,19,51,FRANCIE HODES,PAUL KELCOURSE,ESPAÑOL,DOMICILIO,Tavernier Pharmaceuticals,EFECTIVO,26,DOLAR,
15-08-2013,11,46,EDA FAIGLEY,PATIENCE CALDERSON,ALEMAN,MEET,Jondahl Corporation,BIZUM,26,EURO,
04-08-2013,15,45,CLIFTON FALLDORF,PARTICIA SUKHU,FRANCES,TEAMS,Ogden Design,TARJETA,21,EURO,
27-07-2013,12,49,ROSALYN WANVIG,PARTICIA SUKHU,FRANCES,TEAMS,Raso Group,TRANSFERENCIA,21,EURO,
09-07-2013,11,48,BRYANT FOK,MARGARETTE MIZWICKI,INGLES,ZOOM,Furgeson Pharmaceuticals,PAYPAL,21,DOLAR,
01-07-2013,13,45,TEISHA GRIMSTEAD,MARYANN CHAMP,ITALIANO,MEET,Baray Studios,TARJETA,23,EURO,
09-06-2013,16,52,NORMAN LOBREGAT,MARGIE OSPINA,ESPAÑOL,TEAMS,Wida Design,TARJETA,29,EURO,
05-06-2013,9,51,SCOTTY GOFFREDO,PATIENCE CALDERSON,ALEMAN,MEET,Kirkwood Pharmaceuticals,BIZUM,23,EURO,
20-05-2013,13,52,ENOCH STRINI,PATRICE BECH,ITALIANO,ZOOM,Pensick Group,CUPON,27,DOLAR,
17-05-2013,14,58,KRISTINA LIVSHITS,PARKER MOREL,INGLES,DOMICILIO,Eberhard Pharmaceuticals,CUPON,26,DOLAR,
28-04-2013,16,57,ELAINE MONCURE,MARGE WAKEHAM,ESPAÑOL,ZOOM,Daignault Pharmaceuticals,PAYPAL,28,DOLAR,
03-04-2013,14,53,PARKER MOREL,PASTY KIRSCHKE,ITALIANO,TEAMS,Remsburg Cosmetics,TARJETA,23,EURO,
01-04-2013,11,49,JAMES WILLIAMS,MARYANNE KARRO,ITALIANO,DOMICILIO,Bisesi Studios,PAYPAL,27,DOLAR,
01-04-2013,18,59,TOM CAN,MARYANN CHAMP,ITALIANO,MEET,Rainbow Design,TARJETA,20,EURO,
20-03-2013,19,57,KIT FURGESON,MARGARETTE MIZWICKI,INGLES,ZOOM,Huckeba and Sons,CUPON,27,DOLAR,
28-02-2013,12,45,CASEY CHESTAND,MARGET MUEHL,INGLES,TEAMS,Keltt Corporation,BIZUM,29,EURO,
16-01-2013,19,55,MARTH HUISH,MARGARITO CLELAND,ALEMAN,DOMICILIO,Johannesen Studios,EFECTIVO,20,DOLAR,
15-01-2013,17,56,BAILEY MAZANEC,PAUL KELCOURSE,ESPAÑOL,DOMICILIO,Rick and Sons,EFECTIVO,23,DOLAR,
11-01-2013,10,50,LEON SCHOEPFER,MARYANNE KARRO,ITALIANO,DOMICILIO,Shiiba and Sons,EFECTIVO,29,DOLAR,
28-12-2012,11,46,ELBA MCELDERRY,PATRINA ALMSTEADT,ALEMAN,ZOOM,Curlee Group,CUPON,27,DOLAR,
18-12-2012,12,55,LLOYD SHACKLEY,PATIENCE CALDERSON,ALEMAN,MEET,Sietz Design,TRANSFERENCIA,26,EURO,
18-12-2012,12,54,BARABARA SUDERS,MARGARETTE MIZWICKI,INGLES,ZOOM,Perniciaro Group,EFECTIVO,25,DOLAR,
10-12-2012,14,53,EDMOND BARAY,MARYANNE KARRO,ITALIANO,DOMICILIO,Denice Group,CUPON,26,DOLAR,
11-11-2012,16,55,HAYWOOD BURD,MARGE WAKEHAM,ESPAÑOL,ZOOM,Apresa Group,EFECTIVO,25,DOLAR,
10-11-2012,13,45,PAULENE PENSICK,MARYANNE KARRO,ITALIANO,DOMICILIO,Metrick and Sons,CUPON,20,DOLAR,
26-10-2012,13,46,LUCINDA DEMASI,MARYANNE KARRO,ITALIANO,DOMICILIO,Papen Heavy Industries,EFECTIVO,23,DOLAR,
18-10-2012,11,59,JULIEN GIRARDI,MARGIE OSPINA,ESPAÑOL,TEAMS,Beets and Sons,BIZUM,23,EURO,
16-10-2012,15,59,ALEX LOERA,MARGIE OSPINA,ESPAÑOL,TEAMS,Duffey Studios,TARJETA,27,EURO,
16-10-2012,17,59,JAMISON SCROBOLA,MARGE WAKEHAM,ESPAÑOL,ZOOM,Magpuri Design,PAYPAL,25,DOLAR,
29-09-2012,8,54,EPIFANIA URBACH,VICTOR ACKEN,FRANCES,MEET,Meginnes Studios,BIZUM,26,EURO,
29-08-2012,15,54,LATORIA SIPRASOEUTH,PATRINA ALMSTEADT,ALEMAN,ZOOM,Gaskill Design,CUPON,21,DOLAR,
21-08-2012,18,49,FLORANCE BATEMAN,MARGARETTE MIZWICKI,INGLES,ZOOM,Skea International,CUPON,27,DOLAR,
19-08-2012,13,58,SARAH FLOOK,PATRINA ALMSTEADT,ALEMAN,ZOOM,Sidles Corporation,EFECTIVO,27,DOLAR,
18-08-2012,9,54,DANTE MOOE,MARGARETTE MIZWICKI,INGLES,ZOOM,Valley Cosmetics,CUPON,25,DOLAR,
14-08-2012,9,47,EMMETT GOLZ,PATTI CHIEFFO,ALEMAN,TEAMS,Mccrossen Corporation,BIZUM,29,EURO,
25-07-2012,16,52,LUCIANA SCHWARTZE,PATRINA ALMSTEADT,ALEMAN,ZOOM,Slomer Design,CUPON,25,DOLAR,
15-07-2012,17,53,ERIKA DUFFEY,PAULINA KRETLOW,FRANCES,DOMICILIO,Tigert Pharmaceuticals,PAYPAL,22,DOLAR,
12-07-2012,16,58,REYES PACZKOWSKI,PAULINA KRETLOW,FRANCES,DOMICILIO,Faigley and Sons,CUPON,24,DOLAR,
15-06-2012,13,46,KYLEE EDWADS,MARGIE OSPINA,ESPAÑOL,TEAMS,Wilshusen Group,TRANSFERENCIA,28,EURO,
05-06-2012,12,57,WINTER PICKENPAUGH,PAULINA KRETLOW,FRANCES,DOMICILIO,Puchalla Design,EFECTIVO,22,DOLAR,
28-05-2012,14,53,EDWARDO SHOUTS,PAULINA KRETLOW,FRANCES,DOMICILIO,Oyster Cosmetics,EFECTIVO,22,DOLAR,
17-05-2012,14,45,GRACIELA VALLEY,PARTICIA SUKHU,FRANCES,TEAMS,Trudics Company,BIZUM,21,EURO,
03-05-2012,9,48,PAULENE PENSICK,MARYANNE KARRO,ITALIANO,DOMICILIO,Sibbald Pharmaceuticals,PAYPAL,22,DOLAR,
27-04-2012,9,47,LAREE SHAGGY,PASTY KIRSCHKE,ITALIANO,TEAMS,Honeyman Corporation,TRANSFERENCIA,26,EURO,
13-04-2012,11,47,SVETLANA MAZELLA,MARYANNE KARRO,ITALIANO,DOMICILIO,Khatak Studios,CUPON,22,DOLAR,
06-04-2012,9,54,LANETTE ALKEN,PASTY KIRSCHKE,ITALIANO,TEAMS,Gerner Pharmaceuticals,BIZUM,27,EURO,
02-04-2012,17,54,LUCILLA GERNER,PARKER MOREL,INGLES,DOMICILIO,Schnur International,EFECTIVO,21,DOLAR,
27-03-2012,18,45,BARBIE ROEVER,MARGARETTE MIZWICKI,INGLES,ZOOM,Tardy and Sons,PAYPAL,26,DOLAR,
06-03-2012,12,54,CAROL CITINO,PAULITA GASKILL,ESPAÑOL,MEET,Edwads International,BIZUM,27,EURO,
05-03-2012,16,58,LAKESHIA IGNOWSKI,PAULINA KRETLOW,FRANCES,DOMICILIO,Simonetta Pharmaceuticals,PAYPAL,20,DOLAR,
22-02-2012,8,55,JAMISON SCROBOLA,MARGE WAKEHAM,ESPAÑOL,ZOOM,Botner Pharmaceuticals,EFECTIVO,27,DOLAR,
15-02-2012,8,51,DEIRDRE TRUDICS,PARKER MOREL,INGLES,DOMICILIO,Moncure Heavy Industries,PAYPAL,21,DOLAR,
14-02-2012,16,53,PATTI CHIEFFO,MARGO ALLEMOND,FRANCES,ZOOM,Thorsten Heavy Industries,PAYPAL,29,DOLAR,
30-01-2012,19,56,DARCEL IGUS,PATRICE BECH,ITALIANO,ZOOM,Hanagan International,EFECTIVO,27,DOLAR,
22-01-2012,8,45,SHANTAY RELIC,MARGO ALLEMOND,FRANCES,ZOOM,Corrett Cosmetics,EFECTIVO,27,DOLAR,
01-01-2012,9,55,PAULITA GASKILL,MARYANN CHAMP,ITALIANO,MEET,Eskaran Studios,BIZUM,24,EURO,
30-12-2011,15,53,CELINDA MONK,PARKER MOREL,INGLES,DOMICILIO,Millott Studios,EFECTIVO,25,DOLAR,
26-12-2011,9,46,DARIUS ULERY,PAULITA GASKILL,ESPAÑOL,MEET,Forbs and Sons,TARJETA,22,EURO,
24-12-2011,9,48,LUCIUS SANTUCCI,PAULINA KRETLOW,FRANCES,DOMICILIO,Spindle Design,CUPON,28,DOLAR,
20-12-2011,16,50,LUCILLA GERNER,PARKER MOREL,INGLES,DOMICILIO,Loera and Sons,CUPON,28,DOLAR,
09-12-2011,11,57,HELENA EBERHARD,MARGE WAKEHAM,ESPAÑOL,ZOOM,Kollman Design,CUPON,23,DOLAR,
27-11-2011,10,55,DANIELA RICK,PATRINA ALMSTEADT,ALEMAN,ZOOM,Brentson Pharmaceuticals,PAYPAL,25,DOLAR,
23-11-2011,9,48,EUSTOLIA TEMORES,PAULITA GASKILL,ESPAÑOL,MEET,Colby International,TRANSFERENCIA,23,EURO,
08-11-2011,14,45,WINDY BOSAK,MARGO ALLEMOND,FRANCES,ZOOM,Bears International,CUPON,21,DOLAR,
08-11-2011,19,56,JANEY FORNELL,MARGARETTE MIZWICKI,INGLES,ZOOM,Blasingim and Sons,PAYPAL,26,DOLAR,
12-10-2011,19,55,DARELL EASTMOND,PATIENCE CALDERSON,ALEMAN,MEET,Keats Company,TARJETA,21,EURO,
09-10-2011,11,48,ZAVERT ZIMMER,MARGARITO CLELAND,ALEMAN,DOMICILIO,Koschnitzki Cosmetics,CUPON,20,DOLAR,
04-10-2011,14,54,DANNA LUSE,PATRICE BECH,ITALIANO,ZOOM,Widman Group,EFECTIVO,20,DOLAR,
01-10-2011,10,47,CODI SIMISON,VICTOR ACKEN,FRANCES,MEET,Livshits Corporation,TRANSFERENCIA,23,EURO,
30-09-2011,8,50,BARBIE ROEVER,MARGARETTE MIZWICKI,INGLES,ZOOM,Wakeham Cosmetics,CUPON,23,DOLAR,
26-09-2011,11,59,SHANEL WICHROWSKI,MARGET MUEHL,INGLES,TEAMS,Shippee International,BIZUM,20,EURO,
13-07-2011,15,46,JANNA DUPERCLAY,MARGIE OSPINA,ESPAÑOL,TEAMS,Craver Studios,TARJETA,28,EURO,
09-07-2011,17,53,LAKESHIA IGNOWSKI,PAULINA KRETLOW,FRANCES,DOMICILIO,Liddicoat Pharmaceuticals,CUPON,28,DOLAR,
06-07-2011,16,47,LUCINDA DEMASI,MARYANNE KARRO,ITALIANO,DOMICILIO,Papen Heavy Industries,CUPON,28,DOLAR,
10-05-2011,14,50,EDWIN FANNINGS,PAULENE PENSICK,INGLES,MEET,Ding Cosmetics,TARJETA,21,EURO,
04-05-2011,13,52,JULI PODESTA,MARGIE OSPINA,ESPAÑOL,TEAMS,Heare and Sons,BIZUM,28,EURO,
02-05-2011,17,54,DAISY LIDDICOAT,PAULENE PENSICK,INGLES,MEET,Gagner Design,BIZUM,28,EURO,
30-04-2011,15,54,MACHELLE VANDEVSEN,PAULENE PENSICK,INGLES,MEET,Tenda Cosmetics,BIZUM,26,EURO,
25-04-2011,18,47,TYLER CURLEE,PASTY KIRSCHKE,ITALIANO,TEAMS,Salley Cosmetics,TRANSFERENCIA,25,EURO,
22-04-2011,17,54,LANETTE ALKEN,PASTY KIRSCHKE,ITALIANO,TEAMS,Gerner Pharmaceuticals,TRANSFERENCIA,27,EURO,
13-03-2011,19,54,FLORANCE BATEMAN,MARGARETTE MIZWICKI,INGLES,ZOOM,Skea International,EFECTIVO,27,DOLAR,
08-03-2011,17,53,EUSTOLIA TEMORES,PAULITA GASKILL,ESPAÑOL,MEET,Colby International,BIZUM,24,EURO,
06-02-2011,10,55,HAZEL BOHS,PATIENCE CALDERSON,ALEMAN,MEET,Widerski International,TARJETA,29,EURO,
30-01-2011,18,53,CELINDA MONK,PARKER MOREL,INGLES,DOMICILIO,Falsetti Heavy Industries,CUPON,26,DOLAR,
29-01-2011,12,53,MARGO ALLEMOND,PARTICIA SUKHU,FRANCES,TEAMS,Binsfeld Group,TRANSFERENCIA,20,EURO,
25-01-2011,11,48,PATRICIA WILSON,MARGE WAKEHAM,ESPAÑOL,ZOOM,Heumann Cosmetics,CUPON,23,DOLAR,
21-01-2011,15,50,BRODERICK FAUR,PAULITA GASKILL,ESPAÑOL,MEET,Stefanich Design,TARJETA,21,EURO,
04-01-2011,14,57,SUZANN BEARS,PARKER MOREL,INGLES,DOMICILIO,Kurohara and Sons,PAYPAL,22,DOLAR,
02-01-2011,15,52,LOYD HUCKEBA,PATTI CHIEFFO,ALEMAN,TEAMS,Champ Corporation,TARJETA,26,EURO,
14-12-2010,10,58,MARGARETTE MIZWICKI,MARYANN CHAMP,ITALIANO,MEET,Limthong Studios,TARJETA,27,EURO,
10-12-2010,12,53,EDWIN FANNINGS,PAULENE PENSICK,INGLES,MEET,Ding Cosmetics,BIZUM,26,EURO,
09-12-2010,18,46,VERDA PUCHALLA,MARGARITO CLELAND,ALEMAN,DOMICILIO,Wanvig International,PAYPAL,21,DOLAR,
21-11-2010,17,49,DARCEL IGUS,PATRICE BECH,ITALIANO,ZOOM,Hanagan International,PAYPAL,20,DOLAR,
16-11-2010,11,59,BARRETT HAYFORD,MARGE WAKEHAM,ESPAÑOL,ZOOM,Prudom Cosmetics,CUPON,27,DOLAR,
10-11-2010,11,51,PATIENCE CALDERSON,MARGARETTE MIZWICKI,INGLES,ZOOM,Meserole Corporation,EFECTIVO,26,DOLAR,
17-10-2010,12,48,JARROD SEIDMAN,PATIENCE CALDERSON,ALEMAN,MEET,Elland International,BIZUM,24,EURO,
29-09-2010,18,55,PAUL KELCOURSE,VICTOR ACKEN,FRANCES,MEET,Flow Design,TARJETA,20,EURO,
18-09-2010,15,54,FRANCES ROPAC,PATRINA ALMSTEADT,ALEMAN,ZOOM,Vicario Company,PAYPAL,28,DOLAR,
17-09-2010,19,46,MARY KOSSEN,MARGE WAKEHAM,ESPAÑOL,ZOOM,Pinsky Pharmaceuticals,PAYPAL,26,DOLAR,
01-09-2010,18,49,SUZANN BEARS,PARKER MOREL,INGLES,DOMICILIO,Laughery Company,PAYPAL,22,DOLAR,
28-08-2010,11,53,KYLEE EDWADS,MARGIE OSPINA,ESPAÑOL,TEAMS,Wilshusen Group,BIZUM,22,EURO,
12-08-2010,16,47,ELDEN BUFTON,MARYANNE KARRO,ITALIANO,DOMICILIO,Kelcourse Studios,PAYPAL,27,DOLAR,
11-08-2010,12,45,DANTE MOOE,MARGARETTE MIZWICKI,INGLES,ZOOM,Valley Cosmetics,PAYPAL,22,DOLAR,
08-08-2010,13,48,BARBAR FIDEL,PAULENE PENSICK,INGLES,MEET,Bost Pharmaceuticals,TRANSFERENCIA,22,EURO,
13-07-2010,12,53,KIRA BREST,PATTI CHIEFFO,ALEMAN,TEAMS,Zorman International,TRANSFERENCIA,25,EURO,
01-07-2010,16,54,DONNA PERRINE,PARTICIA SUKHU,FRANCES,TEAMS,Scothorn Cosmetics,TRANSFERENCIA,23,EURO,
30-06-2010,18,50,EDGAR NORTH,VICTOR ACKEN,FRANCES,MEET,Kerans International,TARJETA,27,EURO,
28-06-2010,18,46,NORMAN LOBREGAT,MARGIE OSPINA,ESPAÑOL,TEAMS,Mazanec Group,TRANSFERENCIA,25,EURO,
20-06-2010,15,46,BARABARA SUDERS,MARGARETTE MIZWICKI,INGLES,ZOOM,Perniciaro Group,CUPON,28,DOLAR,
08-06-2010,16,55,OLIVER DAMOUR,MARGET MUEHL,INGLES,TEAMS,Leven Group,BIZUM,27,EURO,
18-05-2010,14,57,CAMI KIRKWOOD,PASTY KIRSCHKE,ITALIANO,TEAMS,Detullio Design,BIZUM,25,EURO,
04-05-2010,13,50,DARCY PAPEN,PAUL KELCOURSE,ESPAÑOL,DOMICILIO,Roever International,EFECTIVO,26,DOLAR,
02-05-2010,16,59,LUCINDA DEMASI,MARYANNE KARRO,ITALIANO,DOMICILIO,Stapf Heavy Industries,PAYPAL,24,DOLAR,
29-04-2010,15,54,ROSEANNE LANTGEN,MARGO ALLEMOND,FRANCES,ZOOM,Songster Group,EFECTIVO,20,DOLAR,
28-03-2010,16,49,TYLER CURLEE,PASTY KIRSCHKE,ITALIANO,TEAMS,Mizwicki Design,TARJETA,28,EURO,
27-03-2010,15,55,LAREE SHAGGY,PASTY KIRSCHKE,ITALIANO,TEAMS,Honeyman Corporation,BIZUM,28,EURO,
26-03-2010,9,53,SHANAE KEEMER,PATTI CHIEFFO,ALEMAN,TEAMS,Cramblit Pharmaceuticals,TARJETA,23,EURO,
13-03-2010,18,49,TIM BLASINGIM,MARGET MUEHL,INGLES,TEAMS,Wichrowski Pharmaceuticals,TARJETA,23,EURO,
13-02-2010,18,53,PALMIRA LETRAN,VICTOR ACKEN,FRANCES,MEET,Sakoda Heavy Industries,BIZUM,20,EURO,
10-02-2010,12,55,SON MCLAGAN,PATRICE BECH,ITALIANO,ZOOM,Trigillo Pharmaceuticals,PAYPAL,29,DOLAR,
03-02-2010,10,55,PATIENCE CALDERSON,MARGARETTE MIZWICKI,INGLES,ZOOM,Greyovich Group,PAYPAL,27,DOLAR,
15-01-2010,15,56,BARBIE ROEVER,MARGARETTE MIZWICKI,INGLES,ZOOM,Wakeham Cosmetics,PAYPAL,27,DOLAR,
12-01-2010,14,53,FLORANCE BATEMAN,MARGARETTE MIZWICKI,INGLES,ZOOM,Elfrink Design,CUPON,27,DOLAR,
06-01-2010,12,51,VERDA PUCHALLA,MARGARITO CLELAND,ALEMAN,DOMICILIO,Beavin Cosmetics,CUPON,25,DOLAR,
05-01-2010,11,58,TRENTON STOERMER,PAUL KELCOURSE,ESPAÑOL,DOMICILIO,Antronica and Sons,CUPON,27,DOLAR,
23-12-2009,16,45,WINTER PICKENPAUGH,PAULINA KRETLOW,FRANCES,DOMICILIO,Puchalla Design,CUPON,20,DOLAR,
24-10-2009,11,50,MARGET MUEHL,PATTI CHIEFFO,ALEMAN,TEAMS,Squines International,TRANSFERENCIA,22,EURO,
23-10-2009,8,55,JAIMEE GAMMONS,MARGARITO CLELAND,ALEMAN,DOMICILIO,Kershner and Sons,EFECTIVO,22,DOLAR,
21-10-2009,10,56,ERICA SHORTES,PARTICIA SUKHU,FRANCES,TEAMS,Montori Pharmaceuticals,BIZUM,25,EURO,
10-10-2009,16,51,STACY DALL,MARGO ALLEMOND,FRANCES,ZOOM,Friis Cosmetics,CUPON,27,DOLAR,
06-10-2009,11,53,BRODERICK FAUR,PAULITA GASKILL,ESPAÑOL,MEET,Fidel Design,BIZUM,29,EURO,
30-09-2009,11,57,EUSTOLIA TEMORES,PAULITA GASKILL,ESPAÑOL,MEET,Charter Design,TARJETA,22,EURO,
03-09-2009,11,49,LUCILLA GERNER,PARKER MOREL,INGLES,DOMICILIO,Schnur International,CUPON,21,DOLAR,
28-08-2009,10,45,NORAH ROMPF,PAULINA KRETLOW,FRANCES,DOMICILIO,Snater Cosmetics,EFECTIVO,20,DOLAR,
22-08-2009,17,55,SHANEL WICHROWSKI,MARGET MUEHL,INGLES,TEAMS,Flook Studios,TARJETA,20,EURO,
19-08-2009,11,51,GRACIELA VALLEY,PARTICIA SUKHU,FRANCES,TEAMS,Carreon Heavy Industries,BIZUM,28,EURO,
13-08-2009,15,49,TERRELL STASSEN,PARKER MOREL,INGLES,DOMICILIO,Acken and Sons,PAYPAL,26,DOLAR,
29-07-2009,10,46,LAMONT FESPERMAN,PAULITA GASKILL,ESPAÑOL,MEET,Aubrecht Heavy Industries,TRANSFERENCIA,28,EURO,
20-07-2009,19,59,JULIEN GIRARDI,MARGIE OSPINA,ESPAÑOL,TEAMS,Beets and Sons,TRANSFERENCIA,20,EURO,
19-07-2009,13,45,LAVETA WIDA,PASTY KIRSCHKE,ITALIANO,TEAMS,Strini Heavy Industries,TARJETA,25,EURO,
09-07-2009,19,54,JOLENE JOHANNESEN,MARGET MUEHL,INGLES,TEAMS,Everage and Sons,TRANSFERENCIA,28,EURO,
08-07-2009,19,54,LAMONT FESPERMAN,PAULITA GASKILL,ESPAÑOL,MEET,Shouts Design,TARJETA,25,EURO,
18-06-2009,17,47,PATRINA ALMSTEADT,PAUL KELCOURSE,ESPAÑOL,DOMICILIO,Salemi Pharmaceuticals,CUPON,20,DOLAR,
12-06-2009,16,57,PATRINA ALMSTEADT,PAUL KELCOURSE,ESPAÑOL,DOMICILIO,Salemi Pharmaceuticals,PAYPAL,28,DOLAR,
09-06-2009,16,46,RUDOLPH BEKERMAN,PASTY KIRSCHKE,ITALIANO,TEAMS,Israelsen Group,TARJETA,21,EURO,
22-05-2009,11,51,KIRA BREST,PATTI CHIEFFO,ALEMAN,TEAMS,Zorman International,TARJETA,27,EURO,
12-05-2009,9,48,DONNA PERRINE,PARTICIA SUKHU,FRANCES,TEAMS,Scothorn Cosmetics,BIZUM,23,EURO,
07-05-2009,14,59,STACY DALL,MARGO ALLEMOND,FRANCES,ZOOM,Hoe Group,PAYPAL,25,DOLAR,
10-04-2009,17,57,GORDON MARKE,MARYANNE KARRO,ITALIANO,DOMICILIO,Kossen Cosmetics,CUPON,23,DOLAR,
26-03-2009,14,48,EMMETT GOLZ,PATTI CHIEFFO,ALEMAN,TEAMS,Chestand Group,TRANSFERENCIA,25,EURO,
23-03-2009,8,51,BRODERICK FAUR,PAULITA GASKILL,ESPAÑOL,MEET,Fidel Design,TARJETA,25,EURO,
15-03-2009,16,51,LAVETA WIDA,PASTY KIRSCHKE,ITALIANO,TEAMS,Strini Heavy Industries,BIZUM,22,EURO,
15-03-2009,11,54,JARED SIETZ,PATTI CHIEFFO,ALEMAN,TEAMS,Trevey Group,TARJETA,26,EURO,
24-02-2009,16,56,ADELINE IANNOTTI,PATIENCE CALDERSON,ALEMAN,MEET,Deerman Studios,BIZUM,25,EURO,
23-02-2009,12,47,MARTH HUISH,MARGARITO CLELAND,ALEMAN,DOMICILIO,Gilliand Company,CUPON,25,DOLAR,
11-02-2009,16,53,LANETTE ALKEN,PASTY KIRSCHKE,ITALIANO,TEAMS,Beaston Group,BIZUM,21,EURO,
01-02-2009,18,46,JOLENE JOHANNESEN,MARGET MUEHL,INGLES,TEAMS,Everage and Sons,TARJETA,28,EURO,
05-12-2008,8,55,ISRAEL BENDLAGE,MARGARITO CLELAND,ALEMAN,DOMICILIO,Dardar Cosmetics,EFECTIVO,23,DOLAR,
30-11-2008,16,54,JONELL PECATOSTE,VICTOR ACKEN,FRANCES,MEET,Yerdon Heavy Industries,TRANSFERENCIA,26,EURO,
28-11-2008,14,50,KIMBRA DING,PATIENCE CALDERSON,ALEMAN,MEET,Nortesano Cosmetics,TRANSFERENCIA,27,EURO,
28-11-2008,16,57,JAIME GREYOVICH,PASTY KIRSCHKE,ITALIANO,TEAMS,Eckl Pharmaceuticals,BIZUM,25,EURO,
01-11-2008,13,54,VERDA PUCHALLA,MARGARITO CLELAND,ALEMAN,DOMICILIO,Wanvig International,CUPON,24,DOLAR,
30-10-2008,8,54,ADELINE IANNOTTI,PATIENCE CALDERSON,ALEMAN,MEET,Stanaland and Sons,BIZUM,23,EURO,
06-10-2008,8,54,SYLVIE KOLLMAN,MARYANN CHAMP,ITALIANO,MEET,Shinsel Company,BIZUM,29,EURO,
18-09-2008,13,48,JAMES WILLIAMS,MARYANNE KARRO,ITALIANO,DOMICILIO,Keemer Cosmetics,CUPON,23,DOLAR,
15-09-2008,17,49,BARRETT HAYFORD,MARGE WAKEHAM,ESPAÑOL,ZOOM,Urbach Pharmaceuticals,PAYPAL,23,DOLAR,
27-08-2008,12,56,CLIFTON FALLDORF,PARTICIA SUKHU,FRANCES,TEAMS,Greth Cosmetics,TARJETA,27,EURO,
23-08-2008,18,45,BUDDY GLANTON,MARGE WAKEHAM,ESPAÑOL,ZOOM,Kaminer Group,CUPON,28,DOLAR,
19-08-2008,11,56,SPRING JESSAMY,MARGO ALLEMOND,FRANCES,ZOOM,Mcgraff Corporation,PAYPAL,25,DOLAR,
15-08-2008,17,54,JARED SIETZ,PATTI CHIEFFO,ALEMAN,TEAMS,Barger Cosmetics,TRANSFERENCIA,23,EURO,
14-08-2008,8,46,PATRICE BECH,PATTI CHIEFFO,ALEMAN,TEAMS,Zaeske International,TRANSFERENCIA,26,EURO,
03-08-2008,13,50,JACKLYN NISKALA,MARYANNE KARRO,ITALIANO,DOMICILIO,King Pharmaceuticals,EFECTIVO,21,DOLAR,
23-06-2008,17,53,IVETTE CORRETT,MARGET MUEHL,INGLES,TEAMS,Morris Cosmetics,TRANSFERENCIA,20,EURO,
23-06-2008,17,53,QUINN YERDON,PAUL KELCOURSE,ESPAÑOL,DOMICILIO,Orouke and Sons,PAYPAL,20,DOLAR,
05-06-2008,11,58,DEIRDRE TRUDICS,PARKER MOREL,INGLES,DOMICILIO,Fote Studios,EFECTIVO,28,DOLAR,
23-05-2008,11,53,JAIMEE GAMMONS,MARGARITO CLELAND,ALEMAN,DOMICILIO,Caccia Heavy Industries,PAYPAL,20,DOLAR,
15-05-2008,8,47,MARGE WAKEHAM,PATRICE BECH,ITALIANO,ZOOM,Glanton Group,EFECTIVO,20,DOLAR,
11-05-2008,17,54,ELDEN BUFTON,MARYANNE KARRO,ITALIANO,DOMICILIO,Kelcourse Studios,CUPON,22,DOLAR,
30-04-2008,17,48,LUDIVINA FRIIS,PARTICIA SUKHU,FRANCES,TEAMS,Southcott International,BIZUM,27,EURO,
30-04-2008,12,55,ROSARIA SIDLES,PATRINA ALMSTEADT,ALEMAN,ZOOM,Ropac Pharmaceuticals,EFECTIVO,22,DOLAR,
16-03-2008,9,52,SVETLANA MAZELLA,MARYANNE KARRO,ITALIANO,DOMICILIO,Khatak Studios,EFECTIVO,27,DOLAR,
09-01-2008,12,48,WINNIFRED KEATS,PARKER MOREL,INGLES,DOMICILIO,Graham and Sons,PAYPAL,24,DOLAR,
07-01-2008,16,56,MACHELLE VANDEVSEN,PAULENE PENSICK,INGLES,MEET,Hickock Heavy Industries,TRANSFERENCIA,26,EURO,
06-01-2008,13,46,DANIELLE NETT,PATTI CHIEFFO,ALEMAN,TEAMS,Duperclay Pharmaceuticals,TRANSFERENCIA,28,EURO,
06-12-2007,14,48,JAMES WILLIAMS,MARYANNE KARRO,ITALIANO,DOMICILIO,Bisesi Studios,EFECTIVO,21,DOLAR,
25-11-2007,10,57,GWENDOLYN PLOWDEN,PAULENE PENSICK,INGLES,MEET,Jungling Cosmetics,BIZUM,29,EURO,
16-11-2007,12,58,SVETLANA MAZELLA,MARYANNE KARRO,ITALIANO,DOMICILIO,Risher Heavy Industries,PAYPAL,22,DOLAR,
28-10-2007,10,59,PALMIRA LETRAN,VICTOR ACKEN,FRANCES,MEET,Mclachlan and Sons,TRANSFERENCIA,26,EURO,
21-10-2007,12,47,ROSALYN WANVIG,PARTICIA SUKHU,FRANCES,TEAMS,Raso Group,TARJETA,28,EURO,
17-10-2007,17,50,GRAZYNA WIEDYK,PAUL KELCOURSE,ESPAÑOL,DOMICILIO,Doorn Pharmaceuticals,CUPON,28,DOLAR,
15-10-2007,9,53,LORIS THIBADEAU,MARGARITO CLELAND,ALEMAN,DOMICILIO,Dietrick Company,PAYPAL,20,DOLAR,
09-10-2007,8,56,JUDITH ECKL,MARGO ALLEMOND,FRANCES,ZOOM,Burkin Cosmetics,CUPON,29,DOLAR,
13-09-2007,8,56,DANIELA RICK,PATRINA ALMSTEADT,ALEMAN,ZOOM,Brentson Pharmaceuticals,EFECTIVO,22,DOLAR,
16-08-2007,18,57,ELBA MCELDERRY,PATRINA ALMSTEADT,ALEMAN,ZOOM,Huish Pharmaceuticals,EFECTIVO,24,DOLAR,
13-07-2007,14,59,BUDDY GLANTON,MARGE WAKEHAM,ESPAÑOL,ZOOM,Kaminer Group,EFECTIVO,20,DOLAR,
11-07-2007,10,53,ENRIQUE SOUTHCOTT,MARYANN CHAMP,ITALIANO,MEET,Hillwig Studios,TARJETA,28,EURO,
26-06-2007,19,55,REYES PACZKOWSKI,PAULINA KRETLOW,FRANCES,DOMICILIO,Suders and Sons,CUPON,20,DOLAR,
24-06-2007,11,51,PAULINA KRETLOW,PAULENE PENSICK,INGLES,MEET,Genco Studios,TARJETA,26,EURO,
15-06-2007,17,56,ALEX BINETTE,PAULINA KRETLOW,FRANCES,DOMICILIO,Halpainy Corporation,EFECTIVO,28,DOLAR,
11-06-2007,13,53,DANTE MOOE,MARGARETTE MIZWICKI,INGLES,ZOOM,Bozovich Group,CUPON,21,DOLAR,
08-05-2007,8,48,SPRING JESSAMY,PAULINA KRETLOW,FRANCES,DOMICILIO,Melen Company,EFECTIVO,25,DOLAR,
03-05-2007,13,48,NORMAND LOWNSBERY,PASTY KIRSCHKE,ITALIANO,TEAMS,Grumney Design,TARJETA,25,EURO,
28-04-2007,13,47,PARTICIA SUKHU,MARGIE OSPINA,ESPAÑOL,TEAMS,Burd and Sons,BIZUM,24,EURO,
28-04-2007,15,55,DAISY LIDDICOAT,PAULENE PENSICK,INGLES,MEET,Gagner Design,TARJETA,26,EURO,
15-04-2007,15,55,SHANNAN MESEROLE,MARGARITO CLELAND,ALEMAN,DOMICILIO,Danaher Design,EFECTIVO,21,DOLAR,
15-03-2007,10,56,DARCEL IGUS,PATRICE BECH,ITALIANO,ZOOM,Kirschke Studios,EFECTIVO,27,DOLAR,
07-03-2007,9,51,MARGIE OSPINA,VICTOR ACKEN,FRANCES,MEET,Campion Cosmetics,TARJETA,28,EURO,
02-03-2007,16,55,RUSS VIOX,PATIENCE CALDERSON,ALEMAN,MEET,Can Pharmaceuticals,TARJETA,21,EURO,
02-03-2007,17,46,HAZEL BOHS,PATIENCE CALDERSON,ALEMAN,MEET,Bonneau Cosmetics,TRANSFERENCIA,22,EURO,
14-02-2007,16,52,DARREL OYSTER,MARYANN CHAMP,ITALIANO,MEET,Weibel and Sons,BIZUM,21,EURO,
09-02-2007,16,54,JAIMEE GAMMONS,MARGARITO CLELAND,ALEMAN,DOMICILIO,Caccia Heavy Industries,EFECTIVO,28,DOLAR,
08-02-2007,13,53,MARGARETTE MIZWICKI,MARYANN CHAMP,ITALIANO,MEET,Johal Heavy Industries,TARJETA,27,EURO,
31-01-2007,10,46,DARREL OYSTER,MARYANN CHAMP,ITALIANO,MEET,Weibel and Sons,TRANSFERENCIA,20,EURO,
10-01-2007,11,48,GRAZYNA WIEDYK,PAUL KELCOURSE,ESPAÑOL,DOMICILIO,Doorn Pharmaceuticals,PAYPAL,29,DOLAR,
20-12-2006,18,54,LOYD HUCKEBA,PATTI CHIEFFO,ALEMAN,TEAMS,Oconner International,TRANSFERENCIA,26,EURO,
09-12-2006,8,47,CHET GERVIN,MARYANNE KARRO,ITALIANO,DOMICILIO,Kretlow Studios,PAYPAL,28,DOLAR,
23-11-2006,19,50,DARREL OYSTER,MARYANN CHAMP,ITALIANO,MEET,Lifford Design,TARJETA,29,EURO,
06-11-2006,17,46,SHANEL WICHROWSKI,MARGET MUEHL,INGLES,TEAMS,Flook Studios,BIZUM,26,EURO,
24-10-2006,10,55,GWENDOLYN GALINDO,MARGARETTE MIZWICKI,INGLES,ZOOM,Krauss Pharmaceuticals,CUPON,22,DOLAR,
21-10-2006,8,51,KRISTINA LIVSHITS,PARKER MOREL,INGLES,DOMICILIO,Aucter Design,PAYPAL,21,DOLAR,
06-10-2006,9,56,SHANAE KEEMER,PATTI CHIEFFO,ALEMAN,TEAMS,Thibadeau Design,BIZUM,25,EURO,
03-10-2006,19,50,BRYANT FOK,MARGARETTE MIZWICKI,INGLES,ZOOM,Pecatoste Company,CUPON,21,DOLAR,
20-09-2006,19,50,BARI APRESA,PAULITA GASKILL,ESPAÑOL,MEET,Seidel Pharmaceuticals,TARJETA,25,EURO,
07-09-2006,11,58,JULIEN GIRARDI,MARGIE OSPINA,ESPAÑOL,TEAMS,Broadwell Pharmaceuticals,TARJETA,21,EURO,
10-08-2006,9,54,LUCIANA SCHWARTZE,PATRINA ALMSTEADT,ALEMAN,ZOOM,Riekert Corporation,CUPON,27,DOLAR,
17-07-2006,10,58,NORMAND LOWNSBERY,PASTY KIRSCHKE,ITALIANO,TEAMS,Golz Studios,BIZUM,24,EURO,
08-07-2006,18,53,DANILO TITCH,MARGE WAKEHAM,ESPAÑOL,ZOOM,Mckale Cosmetics,CUPON,29,DOLAR,
25-06-2006,16,58,ISRAEL BENDLAGE,MARGARITO CLELAND,ALEMAN,DOMICILIO,Koper Group,EFECTIVO,27,DOLAR,
31-05-2006,10,58,MARYANNE KARRO,PATRICE BECH,ITALIANO,ZOOM,Sanagustin Corporation,EFECTIVO,20,DOLAR,
27-05-2006,14,52,MARGIE OSPINA,VICTOR ACKEN,FRANCES,MEET,Mcdewitt Studios,TARJETA,20,EURO,
26-05-2006,16,55,BARBAR FIDEL,PAULENE PENSICK,INGLES,MEET,Simison Design,TARJETA,27,EURO,
22-05-2006,17,51,JOLENE JOHANNESEN,MARGET MUEHL,INGLES,TEAMS,Hodes Pharmaceuticals,BIZUM,28,EURO,
20-05-2006,17,47,EFFIE REINHOLT,PAULENE PENSICK,INGLES,MEET,Haris Group,BIZUM,24,EURO,
13-05-2006,9,55,SON MCLAGAN,PATRICE BECH,ITALIANO,ZOOM,Wallentine Pharmaceuticals,EFECTIVO,29,DOLAR,
06-05-2006,17,52,EMMETT GOLZ,PATTI CHIEFFO,ALEMAN,TEAMS,Mccrossen Corporation,TRANSFERENCIA,21,EURO,
05-05-2006,12,51,ELBA MCELDERRY,PATRINA ALMSTEADT,ALEMAN,ZOOM,Curlee Group,PAYPAL,28,DOLAR,
26-04-2006,11,51,SHAD SIMONETTA,VICTOR ACKEN,FRANCES,MEET,Kister Group,BIZUM,26,EURO,
06-04-2006,19,48,MARYANN CHAMP,PATRICE BECH,ITALIANO,ZOOM,Housman Group,PAYPAL,26,DOLAR,
06-04-2006,16,49,LAREE SHAGGY,PASTY KIRSCHKE,ITALIANO,TEAMS,Vanderstelt Cosmetics,TARJETA,20,EURO,
07-03-2006,9,51,CESAR TIGERT,PATRINA ALMSTEADT,ALEMAN,ZOOM,Schnur International,EFECTIVO,25,DOLAR,
05-03-2006,12,55,PALMIRA LETRAN,VICTOR ACKEN,FRANCES,MEET,Sakoda Heavy Industries,TARJETA,27,EURO,
04-03-2006,14,50,MARY KOSSEN,MARGE WAKEHAM,ESPAÑOL,ZOOM,Meckler International,PAYPAL,21,DOLAR,
04-03-2006,19,52,ROSEANNE LANTGEN,MARGO ALLEMOND,FRANCES,ZOOM,Conforto Company,PAYPAL,23,DOLAR,
21-02-2006,18,53,SHAD SIMONETTA,VICTOR ACKEN,FRANCES,MEET,Thurmer Cosmetics,TRANSFERENCIA,23,EURO,
09-01-2006,10,58,PASTY KIRSCHKE,PAULITA GASKILL,ESPAÑOL,MEET,Bateman Studios,TRANSFERENCIA,23,EURO,
04-01-2006,11,50,LUCIENNE BINSFELD,MARGARITO CLELAND,ALEMAN,DOMICILIO,Montbriand Pharmaceuticals,EFECTIVO,29,DOLAR,
31-12-2005,18,52,GORDON MARKE,MARYANNE KARRO,ITALIANO,DOMICILIO,Stassen and Sons,CUPON,20,DOLAR,
07-12-2005,17,57,SPRING JESSAMY,PAULINA KRETLOW,FRANCES,DOMICILIO,Melen Company,CUPON,23,DOLAR,
15-11-2005,14,48,REYES PACZKOWSKI,PAULINA KRETLOW,FRANCES,DOMICILIO,Faigley and Sons,EFECTIVO,29,DOLAR,
13-11-2005,15,48,MURRAY VICARIO,MARGO ALLEMOND,FRANCES,ZOOM,Pisano Design,PAYPAL,26,DOLAR,
23-10-2005,11,47,EDA FAIGLEY,PATIENCE CALDERSON,ALEMAN,MEET,Jondahl Corporation,TARJETA,21,EURO,
10-10-2005,18,50,ERICK HICKOCK,PASTY KIRSCHKE,ITALIANO,TEAMS,Wolske Design,BIZUM,21,EURO,
09-10-2005,11,45,PAULINA KRETLOW,PAULENE PENSICK,INGLES,MEET,Phillips Pharmaceuticals,BIZUM,27,EURO,
09-10-2005,13,59,PARTICIA SUKHU,MARGIE OSPINA,ESPAÑOL,TEAMS,Burd and Sons,TARJETA,29,EURO,
08-10-2005,18,48,GRACIELA VALLEY,PARTICIA SUKHU,FRANCES,TEAMS,Carreon Heavy Industries,TRANSFERENCIA,29,EURO,
04-10-2005,12,51,MABELLE BEASTON,PATRINA ALMSTEADT,ALEMAN,ZOOM,Schwartze and Sons,PAYPAL,24,DOLAR,
30-09-2005,17,46,GUILLERMO REMSBURG,MARGET MUEHL,INGLES,TEAMS,Tsai Company,BIZUM,26,EURO,
28-09-2005,15,56,PATTI CHIEFFO,MARGO ALLEMOND,FRANCES,ZOOM,Burgoyne Group,EFECTIVO,20,DOLAR,
21-09-2005,12,46,BARABARA SUDERS,MARGARETTE MIZWICKI,INGLES,ZOOM,Grunder and Sons,PAYPAL,27,DOLAR,
18-09-2005,17,55,JAIME GREYOVICH,PASTY KIRSCHKE,ITALIANO,TEAMS,Eckl Pharmaceuticals,TRANSFERENCIA,23,EURO,
18-09-2005,14,58,HELENA EBERHARD,MARGE WAKEHAM,ESPAÑOL,ZOOM,Wilson Heavy Industries,EFECTIVO,27,DOLAR,
06-09-2005,8,47,DARRICK LEAVENWORTH,PAUL KELCOURSE,ESPAÑOL,DOMICILIO,Bosak Corporation,PAYPAL,23,DOLAR,
02-09-2005,9,53,PARKER MOREL,PASTY KIRSCHKE,ITALIANO,TEAMS,Appleman Pharmaceuticals,TRANSFERENCIA,22,EURO,
30-08-2005,13,45,JULEE MEGINNES,MARGIE OSPINA,ESPAÑOL,TEAMS,Hamm Studios,TRANSFERENCIA,20,EURO,
28-08-2005,19,49,DARELL EASTMOND,PATIENCE CALDERSON,ALEMAN,MEET,Keats Company,BIZUM,28,EURO,
17-08-2005,19,54,VICTOR ACKEN,PATTI CHIEFFO,ALEMAN,TEAMS,Hanhardt Group,TRANSFERENCIA,28,EURO,
16-08-2005,16,56,ALEX LOERA,MARGIE OSPINA,ESPAÑOL,TEAMS,Duffey Studios,BIZUM,25,EURO,
15-08-2005,14,59,CAROL METRICK,MARGO ALLEMOND,FRANCES,ZOOM,Perrine International,CUPON,22,DOLAR,
03-08-2005,13,51,KIMBRA DING,PATIENCE CALDERSON,ALEMAN,MEET,Nortesano Cosmetics,TARJETA,28,EURO,
31-07-2005,15,51,AMI DARDAR,PATTI CHIEFFO,ALEMAN,TEAMS,Esmay International,BIZUM,20,EURO,
28-07-2005,10,55,EDMOND BARAY,MARYANNE KARRO,ITALIANO,DOMICILIO,Denice Group,EFECTIVO,29,DOLAR,
20-07-2005,12,49,MARYANNE KARRO,PATRICE BECH,ITALIANO,ZOOM,McLagan Company,CUPON,23,DOLAR,
17-07-2005,13,54,OTHA MURTON,VICTOR ACKEN,FRANCES,MEET,Vanderhorst Company,TARJETA,28,EURO,
14-07-2005,9,46,PASTY KIRSCHKE,PAULITA GASKILL,ESPAÑOL,MEET,Ladieu Pharmaceuticals,TRANSFERENCIA,27,EURO,
10-07-2005,15,57,GORDON MARKE,MARYANNE KARRO,ITALIANO,DOMICILIO,Stassen and Sons,PAYPAL,27,DOLAR,
04-07-2005,11,50,SARAH FLOOK,PATRINA ALMSTEADT,ALEMAN,ZOOM,Schoch Design,PAYPAL,29,DOLAR,
02-07-2005,17,56,DARRICK LEAVENWORTH,PAUL KELCOURSE,ESPAÑOL,DOMICILIO,Bosak Corporation,EFECTIVO,25,DOLAR,
20-06-2005,19,46,CLIFTON FALLDORF,PARTICIA SUKHU,FRANCES,TEAMS,Greth Cosmetics,TRANSFERENCIA,23,EURO,
10-06-2005,14,54,LANI WINWARD,PAUL KELCOURSE,ESPAÑOL,DOMICILIO,Kosinski Company,CUPON,20,DOLAR,
31-05-2005,16,49,HOBERT SIMMON,PARTICIA SUKHU,FRANCES,TEAMS,Nett Studios,TRANSFERENCIA,27,EURO,
31-05-2005,16,49,CAROL METRICK,MARGO ALLEMOND,FRANCES,ZOOM,Hayford and Sons,PAYPAL,20,DOLAR,
20-05-2005,12,49,JESSIKA DOORN,MARYANN CHAMP,ITALIANO,MEET,Ivel International,TRANSFERENCIA,22,EURO,
20-05-2005,14,49,EFFIE REINHOLT,PAULENE PENSICK,INGLES,MEET,Wiedyk Heavy Industries,TRANSFERENCIA,28,EURO,
19-05-2005,14,56,ELAINE MONCURE,MARGE WAKEHAM,ESPAÑOL,ZOOM,Goodspeed Pharmaceuticals,EFECTIVO,20,DOLAR,
18-05-2005,16,57,SHANTAY RELIC,MARGO ALLEMOND,FRANCES,ZOOM,Corrett Cosmetics,PAYPAL,27,DOLAR,
30-04-2005,15,45,DANIELLE NETT,PATTI CHIEFFO,ALEMAN,TEAMS,Stojanovic Cosmetics,TARJETA,25,EURO,
04-04-2005,8,53,JOLENE JOHANNESEN,MARGET MUEHL,INGLES,TEAMS,Hodes Pharmaceuticals,TARJETA,23,EURO,
28-03-2005,16,50,HOMER TRIGILLO,PAULITA GASKILL,ESPAÑOL,MEET,Paczkowski International,BIZUM,29,EURO,
24-02-2005,10,50,MARGARETTE MIZWICKI,MARYANN CHAMP,ITALIANO,MEET,Limthong Studios,TRANSFERENCIA,23,EURO,
24-02-2005,17,47,GRETTA GRUNDER,MARGET MUEHL,INGLES,TEAMS,Mew International,TARJETA,25,EURO,
18-02-2005,8,52,BARRETT HAYFORD,MARGE WAKEHAM,ESPAÑOL,ZOOM,Urbach Pharmaceuticals,EFECTIVO,22,DOLAR,
12-02-2005,15,56,MARGIE OSPINA,VICTOR ACKEN,FRANCES,MEET,Mcdewitt Studios,TRANSFERENCIA,28,EURO,
11-02-2005,10,46,FRANCES ROPAC,PATRINA ALMSTEADT,ALEMAN,ZOOM,Vicario Company,CUPON,24,DOLAR,
05-02-2005,13,47,GRAZYNA WIEDYK,PAUL KELCOURSE,ESPAÑOL,DOMICILIO,Grogan Pharmaceuticals,EFECTIVO,20,DOLAR,
28-12-2004,12,50,NORMAND LOWNSBERY,PASTY KIRSCHKE,ITALIANO,TEAMS,Golz Studios,TARJETA,21,EURO,
27-12-2004,19,51,EDGAR NORTH,VICTOR ACKEN,FRANCES,MEET,Kerans International,TRANSFERENCIA,26,EURO,
25-12-2004,12,47,KIT FURGESON,MARGARETTE MIZWICKI,INGLES,ZOOM,Ramotar Group,PAYPAL,22,DOLAR,
08-12-2004,8,46,TEISHA GRIMSTEAD,MARYANN CHAMP,ITALIANO,MEET,Baray Studios,BIZUM,25,EURO,
30-11-2004,14,51,CESAR TIGERT,PATRINA ALMSTEADT,ALEMAN,ZOOM,Schnur International,PAYPAL,29,DOLAR,
24-11-2004,15,51,TYLER CURLEE,PASTY KIRSCHKE,ITALIANO,TEAMS,Salley Cosmetics,TARJETA,21,EURO,
11-11-2004,9,56,RUDOLPH BEKERMAN,PASTY KIRSCHKE,ITALIANO,TEAMS,Burland Group,TARJETA,25,EURO,
10-11-2004,14,59,SPRING JESSAMY,PAULINA KRETLOW,FRANCES,DOMICILIO,Flournay Group,PAYPAL,21,DOLAR,
21-10-2004,15,49,JUDITH ECKL,MARGO ALLEMOND,FRANCES,ZOOM,Mcmurrin Heavy Industries,CUPON,22,DOLAR,
23-09-2004,12,50,OLEVIA HOE,PAULITA GASKILL,ESPAÑOL,MEET,Gervin Corporation,TRANSFERENCIA,20,EURO,
23-09-2004,18,54,MABELLE BEASTON,PATRINA ALMSTEADT,ALEMAN,ZOOM,Zuelke Group,EFECTIVO,21,DOLAR,
11-09-2004,15,58,LAREE SHAGGY,PASTY KIRSCHKE,ITALIANO,TEAMS,Vanderstelt Cosmetics,BIZUM,25,EURO,
23-08-2004,16,50,JULEE MEGINNES,MARGIE OSPINA,ESPAÑOL,TEAMS,Strong Design,TRANSFERENCIA,22,EURO,
19-08-2004,17,52,MARGOT MORIN,PATRICE BECH,ITALIANO,ZOOM,Shortes Pharmaceuticals,PAYPAL,22,DOLAR,
14-08-2004,10,46,WINDY BOSAK,MARGO ALLEMOND,FRANCES,ZOOM,Letran Design,PAYPAL,28,DOLAR,
12-08-2004,11,52,WILFRED WELCH,MARGARITO CLELAND,ALEMAN,DOMICILIO,Sukhu Heavy Industries,EFECTIVO,25,DOLAR,
26-07-2004,18,58,PEARLINE WEINBAUER,MARYANN CHAMP,ITALIANO,MEET,Shaggy Design,TRANSFERENCIA,24,EURO,
06-07-2004,17,53,MARTH HUISH,MARGARITO CLELAND,ALEMAN,DOMICILIO,Gilliand Company,EFECTIVO,23,DOLAR,
01-07-2004,18,59,HEE STANALAND,MARGIE OSPINA,ESPAÑOL,TEAMS,Nishioka Pharmaceuticals,TRANSFERENCIA,24,EURO,
28-06-2004,11,59,ERIKA DUFFEY,PAULINA KRETLOW,FRANCES,DOMICILIO,Weavers Group,PAYPAL,24,DOLAR,
23-06-2004,15,59,JARROD SEIDMAN,PATIENCE CALDERSON,ALEMAN,MEET,Schleiss Design,TARJETA,20,EURO,
31-05-2004,8,45,MARYANN CHAMP,PATRICE BECH,ITALIANO,ZOOM,Housman Group,EFECTIVO,20,DOLAR,
01-05-2004,10,58,ERIKA DUFFEY,PAULINA KRETLOW,FRANCES,DOMICILIO,Tigert Pharmaceuticals,CUPON,27,DOLAR,
13-04-2004,11,45,ELA BISESI,MARGO ALLEMOND,FRANCES,ZOOM,Gassert and Sons,CUPON,27,DOLAR,
08-04-2004,11,55,CESAR TIGERT,PATRINA ALMSTEADT,ALEMAN,ZOOM,Grimstead Company,CUPON,26,DOLAR,
04-04-2004,8,48,DELENA BOST,MARGARETTE MIZWICKI,INGLES,ZOOM,Falldorf Pharmaceuticals,EFECTIVO,22,DOLAR,
30-03-2004,9,57,PEARLINE WEINBAUER,MARYANN CHAMP,ITALIANO,MEET,Riccardo Group,BIZUM,29,EURO,
19-03-2004,18,55,LANI WINWARD,PAUL KELCOURSE,ESPAÑOL,DOMICILIO,Ignowski International,EFECTIVO,21,DOLAR,
16-03-2004,14,50,TERRELL STASSEN,PARKER MOREL,INGLES,DOMICILIO,Bonaguidi Company,EFECTIVO,26,DOLAR,
02-03-2004,12,55,HYRUM GOODSPEED,MARGET MUEHL,INGLES,TEAMS,Almsteadt Heavy Industries,BIZUM,23,EURO,
28-02-2004,19,59,MURRAY VICARIO,MARGO ALLEMOND,FRANCES,ZOOM,Pisano Design,CUPON,22,DOLAR,
25-02-2004,13,50,NORMAN LOBREGAT,MARGIE OSPINA,ESPAÑOL,TEAMS,Wida Design,BIZUM,23,EURO,
29-01-2004,17,51,MARGOT MORIN,PATRICE BECH,ITALIANO,ZOOM,Shortes Pharmaceuticals,CUPON,21,DOLAR,
21-01-2004,17,57,ELA BISESI,MARGO ALLEMOND,FRANCES,ZOOM,Gassert and Sons,EFECTIVO,21,DOLAR,
20-01-2004,14,55,DANILO TITCH,MARGE WAKEHAM,ESPAÑOL,ZOOM,Mckale Cosmetics,EFECTIVO,28,DOLAR,
02-01-2004,13,49,EDA FAIGLEY,PATIENCE CALDERSON,ALEMAN,MEET,Bohs International,TRANSFERENCIA,21,EURO,
20-12-2003,16,59,EPIFANIA URBACH,VICTOR ACKEN,FRANCES,MEET,Fowlston Studios,TRANSFERENCIA,26,EURO,
17-12-2003,8,59,BARRETT HAYFORD,MARGE WAKEHAM,ESPAÑOL,ZOOM,Prudom Cosmetics,PAYPAL,25,DOLAR,
21-11-2003,12,47,BARBAR FIDEL,PAULENE PENSICK,INGLES,MEET,Simison Design,BIZUM,22,EURO,
21-10-2003,15,55,LUDIVINA FRIIS,PARTICIA SUKHU,FRANCES,TEAMS,Gatling Pharmaceuticals,TRANSFERENCIA,20,EURO,
12-10-2003,8,57,HAZEL BOHS,PATIENCE CALDERSON,ALEMAN,MEET,Bonneau Cosmetics,BIZUM,29,EURO,
30-09-2003,13,57,LUCIENNE BINSFELD,MARGARITO CLELAND,ALEMAN,DOMICILIO,Caveney Pharmaceuticals,CUPON,29,DOLAR,
30-09-2003,18,58,HOBERT SIMMON,PARTICIA SUKHU,FRANCES,TEAMS,Morin Studios,TARJETA,26,EURO,
28-09-2003,8,53,ROSALYN WANVIG,PARTICIA SUKHU,FRANCES,TEAMS,Yuska Cosmetics,TRANSFERENCIA,29,EURO,
26-09-2003,19,59,WINNIFRED KEATS,PARKER MOREL,INGLES,DOMICILIO,Titch Heavy Industries,PAYPAL,24,DOLAR,
15-09-2003,8,54,LORIS THIBADEAU,MARGARITO CLELAND,ALEMAN,DOMICILIO,Iraheta and Sons,PAYPAL,29,DOLAR,
14-09-2003,15,48,EDWARDO SHOUTS,PAULINA KRETLOW,FRANCES,DOMICILIO,Oyster Cosmetics,CUPON,21,DOLAR,
20-08-2003,8,55,DANTE MOOE,MARGARETTE MIZWICKI,INGLES,ZOOM,Bozovich Group,EFECTIVO,22,DOLAR,
19-07-2003,11,59,SYLVIE KOLLMAN,MARYANN CHAMP,ITALIANO,MEET,Shinsel Company,TARJETA,25,EURO,
30-06-2003,17,52,OLEVIA HOE,PAULITA GASKILL,ESPAÑOL,MEET,Marke Design,BIZUM,24,EURO,
09-06-2003,19,54,ADELINE IANNOTTI,PATIENCE CALDERSON,ALEMAN,MEET,Deerman Studios,TARJETA,27,EURO,
07-06-2003,19,58,PAUL KELCOURSE,VICTOR ACKEN,FRANCES,MEET,Fok Design,TRANSFERENCIA,23,EURO,
04-06-2003,15,59,PATIENCE CALDERSON,MARGARETTE MIZWICKI,INGLES,ZOOM,Meserole Corporation,CUPON,26,DOLAR,
03-06-2003,8,58,ROSEMARIE STEFANICH,PARTICIA SUKHU,FRANCES,TEAMS,Lavery Design,TRANSFERENCIA,27,EURO,
16-05-2003,14,46,DARIUS ULERY,PAULITA GASKILL,ESPAÑOL,MEET,Goffredo Pharmaceuticals,TRANSFERENCIA,27,EURO,
23-04-2003,11,54,SHALON JOHAL,MARGET MUEHL,INGLES,TEAMS,Relic Studios,TARJETA,27,EURO,
23-04-2003,17,56,JULI PODESTA,MARGIE OSPINA,ESPAÑOL,TEAMS,Temores and Sons,TARJETA,26,EURO,
16-04-2003,16,47,WYSTERIA ARANA,PAULENE PENSICK,INGLES,MEET,Penton Cosmetics,BIZUM,22,EURO,
10-04-2003,13,58,FRANCES ROPAC,PATRINA ALMSTEADT,ALEMAN,ZOOM,Khilling Group,PAYPAL,23,DOLAR,
11-03-2003,9,59,TIM BLASINGIM,MARGET MUEHL,INGLES,TEAMS,Dulan Group,BIZUM,29,EURO,
08-03-2003,15,51,JAIME GREYOVICH,PASTY KIRSCHKE,ITALIANO,TEAMS,Vandevsen Pharmaceuticals,TARJETA,23,EURO,
25-02-2003,12,58,FLORANCE BATEMAN,MARGARETTE MIZWICKI,INGLES,ZOOM,Elfrink Design,PAYPAL,28,DOLAR,
19-02-2003,10,47,HOMER TRIGILLO,PAULITA GASKILL,ESPAÑOL,MEET,Paczkowski International,TRANSFERENCIA,25,EURO,
14-02-2003,15,48,RUTH GRAHAM,PARKER MOREL,INGLES,DOMICILIO,Winward Cosmetics,CUPON,25,DOLAR,
01-02-2003,17,50,JESSIKA DOORN,MARYANN CHAMP,ITALIANO,MEET,Ivel International,TARJETA,28,EURO,
14-01-2003,14,57,BRYANT FOK,MARGARETTE MIZWICKI,INGLES,ZOOM,Furgeson Pharmaceuticals,EFECTIVO,27,DOLAR,
18-12-2002,13,55,WYSTERIA ARANA,PAULENE PENSICK,INGLES,MEET,Weinbauer Cosmetics,TRANSFERENCIA,20,EURO,
09-12-2002,16,59,PATRICE BECH,PATTI CHIEFFO,ALEMAN,TEAMS,Nored Pharmaceuticals,TARJETA,29,EURO,
08-11-2002,19,58,ERICA SHORTES,PARTICIA SUKHU,FRANCES,TEAMS,Montori Pharmaceuticals,TARJETA,26,EURO,
04-11-2002,17,50,MADALENE WEAVERS,MARGE WAKEHAM,ESPAÑOL,ZOOM,Nondorf and Sons,CUPON,26,DOLAR,
01-11-2002,16,54,VERDA PUCHALLA,MARGARITO CLELAND,ALEMAN,DOMICILIO,Beavin Cosmetics,EFECTIVO,23,DOLAR,
29-10-2002,12,50,DANNA LUSE,PATRICE BECH,ITALIANO,ZOOM,Wombles International,PAYPAL,22,DOLAR,
27-10-2002,17,56,DARCY PAPEN,PAUL KELCOURSE,ESPAÑOL,DOMICILIO,Roever International,PAYPAL,27,DOLAR,
23-10-2002,14,48,CASEY CHESTAND,MARGET MUEHL,INGLES,TEAMS,Shilt Corporation,TARJETA,24,EURO,
12-10-2002,15,46,LUCIUS SANTUCCI,PAULINA KRETLOW,FRANCES,DOMICILIO,Dominis and Sons,PAYPAL,25,DOLAR,
08-10-2002,19,59,OLIVER DAMOUR,MARGET MUEHL,INGLES,TEAMS,Stoermer Design,BIZUM,28,EURO,
25-09-2002,19,45,CAMI KIRKWOOD,PASTY KIRSCHKE,ITALIANO,TEAMS,Murton Group,TARJETA,24,EURO,
12-09-2002,13,54,DARELL EASTMOND,PATIENCE CALDERSON,ALEMAN,MEET,Santucci Group,BIZUM,21,EURO,
01-09-2002,11,51,ANGEL SAKODA,PARKER MOREL,INGLES,DOMICILIO,Iannotti Studios,CUPON,20,DOLAR,
24-08-2002,16,54,KIT FURGESON,MARGARETTE MIZWICKI,INGLES,ZOOM,Huckeba and Sons,PAYPAL,25,DOLAR,
14-08-2002,8,53,LATORIA SIPRASOEUTH,PATRINA ALMSTEADT,ALEMAN,ZOOM,Casten International,CUPON,26,DOLAR,
14-08-2002,8,59,BRODERICK FAUR,PAULITA GASKILL,ESPAÑOL,MEET,Stefanich Design,TRANSFERENCIA,29,EURO,
02-08-2002,18,51,DARCEL IGUS,PATRICE BECH,ITALIANO,ZOOM,Kirschke Studios,CUPON,21,DOLAR,
27-07-2002,18,58,EDMOND BARAY,MARYANNE KARRO,ITALIANO,DOMICILIO,Sacks Studios,CUPON,25,DOLAR,
13-07-2002,15,45,EPIFANIA URBACH,VICTOR ACKEN,FRANCES,MEET,Fowlston Studios,TARJETA,21,EURO,
06-07-2002,15,48,ENRIQUE SOUTHCOTT,MARYANN CHAMP,ITALIANO,MEET,Seidman and Sons,BIZUM,29,EURO,
02-07-2002,10,47,PENNEY PENTON,PATRICE BECH,ITALIANO,ZOOM,Morel Pharmaceuticals,CUPON,29,DOLAR,
28-06-2002,11,48,SCOTTY GOFFREDO,PATIENCE CALDERSON,ALEMAN,MEET,Dall International,TRANSFERENCIA,22,EURO,
15-06-2002,19,45,DANILO TITCH,MARGE WAKEHAM,ESPAÑOL,ZOOM,Oursler Design,EFECTIVO,25,DOLAR,
02-06-2002,9,46,HOBERT SIMMON,PARTICIA SUKHU,FRANCES,TEAMS,Nett Studios,TARJETA,24,EURO,
11-05-2002,8,53,MADALENE WEAVERS,MARGE WAKEHAM,ESPAÑOL,ZOOM,Mazella Studios,EFECTIVO,26,DOLAR,
18-04-2002,10,50,MABELLE BEASTON,PATRINA ALMSTEADT,ALEMAN,ZOOM,Schwartze and Sons,EFECTIVO,24,DOLAR,
20-03-2002,11,51,KIMBRA DING,PATIENCE CALDERSON,ALEMAN,MEET,Fornell Corporation,BIZUM,24,EURO,
09-03-2002,17,58,IVETTE CORRETT,MARGET MUEHL,INGLES,TEAMS,Morris Cosmetics,TARJETA,25,EURO,
08-03-2002,17,53,DAISY LIDDICOAT,PAULENE PENSICK,INGLES,MEET,Viox Design,TARJETA,24,EURO,
15-02-2002,15,55,JONELL PECATOSTE,VICTOR ACKEN,FRANCES,MEET,Bufton Group,TARJETA,24,EURO,
13-02-2002,15,49,EDWARDO SHOUTS,PAULINA KRETLOW,FRANCES,DOMICILIO,North International,CUPON,21,DOLAR,
07-02-2002,15,51,JANNA DUPERCLAY,MARGIE OSPINA,ESPAÑOL,TEAMS,Craver Studios,TRANSFERENCIA,26,EURO,
27-01-2002,8,55,TRENTON STOERMER,PAUL KELCOURSE,ESPAÑOL,DOMICILIO,Antronica and Sons,PAYPAL,29,DOLAR,
25-01-2002,8,50,NELSON KOSCHNITZKI,PAULENE PENSICK,INGLES,MEET,Bech Group,TARJETA,20,EURO,
19-01-2002,15,59,TOM CAN,MARYANN CHAMP,ITALIANO,MEET,Rainbow Design,TRANSFERENCIA,27,EURO,
06-01-2002,18,53,JULIEN GIRARDI,MARGIE OSPINA,ESPAÑOL,TEAMS,Broadwell Pharmaceuticals,BIZUM,28,EURO,
02-01-2002,16,53,SPRING JESSAMY,MARGO ALLEMOND,FRANCES,ZOOM,Oginski Corporation,CUPON,29,DOLAR,
11-12-2001,19,47,LANI WINWARD,PAUL KELCOURSE,ESPAÑOL,DOMICILIO,Kosinski Company,PAYPAL,22,DOLAR,
04-12-2001,15,50,DONNA PERRINE,PARTICIA SUKHU,FRANCES,TEAMS,Lannon International,BIZUM,22,EURO,
27-11-2001,13,49,ADELINE IANNOTTI,PATIENCE CALDERSON,ALEMAN,MEET,Stanaland and Sons,TRANSFERENCIA,22,EURO,
20-11-2001,19,49,HEE STANALAND,MARGIE OSPINA,ESPAÑOL,TEAMS,Binette International,BIZUM,24,EURO,
13-11-2001,12,52,CODI SIMISON,VICTOR ACKEN,FRANCES,MEET,Citino International,TARJETA,27,EURO,
07-11-2001,16,49,CAROL CITINO,PAULITA GASKILL,ESPAÑOL,MEET,Edwads International,TARJETA,28,EURO,
02-11-2001,15,47,LUCIANO LINGENFELTER,PARTICIA SUKHU,FRANCES,TEAMS,Igus and Sons,TRANSFERENCIA,20,EURO,
13-10-2001,15,49,ERICK HICKOCK,PASTY KIRSCHKE,ITALIANO,TEAMS,Ospina Pharmaceuticals,TARJETA,28,EURO,
01-10-2001,17,47,DANIELA RICK,PATRINA ALMSTEADT,ALEMAN,ZOOM,Alken Heavy Industries,CUPON,23,DOLAR,
28-09-2001,8,59,EDGAR NORTH,VICTOR ACKEN,FRANCES,MEET,Musulin and Sons,TRANSFERENCIA,25,EURO,
23-09-2001,14,46,DANYELLE SONGSTER,PATRINA ALMSTEADT,ALEMAN,ZOOM,Plowden Cosmetics,PAYPAL,21,DOLAR,
13-09-2001,15,50,BARBIE ROEVER,MARGARETTE MIZWICKI,INGLES,ZOOM,Tardy and Sons,EFECTIVO,26,DOLAR,
28-08-2001,15,52,TYLER CURLEE,PASTY KIRSCHKE,ITALIANO,TEAMS,Mizwicki Design,BIZUM,29,EURO,
07-08-2001,17,52,LUIGI NORED,PATIENCE CALDERSON,ALEMAN,MEET,Stoor Group,TRANSFERENCIA,25,EURO,
18-06-2001,16,57,LUIGI NORED,PATIENCE CALDERSON,ALEMAN,MEET,Ulery Group,TARJETA,20,EURO,
13-06-2001,13,54,LAKESHIA IGNOWSKI,PAULINA KRETLOW,FRANCES,DOMICILIO,Liddicoat Pharmaceuticals,EFECTIVO,29,DOLAR,
26-05-2001,13,52,BARI APRESA,PAULITA GASKILL,ESPAÑOL,MEET,Siprasoeuth and Sons,BIZUM,29,EURO,
14-05-2001,13,50,WINTER PICKENPAUGH,PAULINA KRETLOW,FRANCES,DOMICILIO,Archuletta and Sons,PAYPAL,22,DOLAR,
28-04-2001,18,53,BARI APRESA,PAULITA GASKILL,ESPAÑOL,MEET,Seidel Pharmaceuticals,TRANSFERENCIA,20,EURO,
26-04-2001,18,59,HAYWOOD BURD,MARGE WAKEHAM,ESPAÑOL,ZOOM,Mau Studios,PAYPAL,22,DOLAR,
14-04-2001,15,45,WINDY BOSAK,MARGO ALLEMOND,FRANCES,ZOOM,Bears International,PAYPAL,22,DOLAR,
08-04-2001,14,47,GRETTA GRUNDER,MARGET MUEHL,INGLES,TEAMS,Osterfeld Design,TRANSFERENCIA,20,EURO,
04-04-2001,15,49,PARTICIA SUKHU,MARGIE OSPINA,ESPAÑOL,TEAMS,Muehl Studios,TRANSFERENCIA,29,EURO,
31-03-2001,18,51,SHAD SIMONETTA,VICTOR ACKEN,FRANCES,MEET,Kister Group,TARJETA,27,EURO,
14-02-2001,10,59,OLEVIA HOE,PAULITA GASKILL,ESPAÑOL,MEET,Gervin Corporation,BIZUM,29,EURO,
31-01-2001,18,57,ELDEN BUFTON,MARYANNE KARRO,ITALIANO,DOMICILIO,Bignell Company,PAYPAL,27,DOLAR,
28-01-2001,19,52,TRENTON STOERMER,PAUL KELCOURSE,ESPAÑOL,DOMICILIO,Luse Group,PAYPAL,28,DOLAR,
25-01-2001,10,57,LORIS THIBADEAU,MARGARITO CLELAND,ALEMAN,DOMICILIO,Iraheta and Sons,CUPON,22,DOLAR,
13-01-2001,13,53,STACY DALL,MARGO ALLEMOND,FRANCES,ZOOM,Hoe Group,EFECTIVO,26,DOLAR,
30-12-2000,19,48,LOYD HUCKEBA,PATTI CHIEFFO,ALEMAN,TEAMS,Oconner International,BIZUM,25,EURO,
27-12-2000,15,46,JEWEL CLIPPARD,PAULINA KRETLOW,FRANCES,DOMICILIO,Scrobola Studios,CUPON,28,DOLAR,
27-12-2000,15,58,BAILEY MAZANEC,PAUL KELCOURSE,ESPAÑOL,DOMICILIO,Brest Cosmetics,EFECTIVO,24,DOLAR,
26-12-2000,13,51,CLIFTON FALLDORF,PARTICIA SUKHU,FRANCES,TEAMS,Ogden Design,BIZUM,24,EURO,
24-12-2000,8,53,LUCIENNE BINSFELD,MARGARITO CLELAND,ALEMAN,DOMICILIO,Caveney Pharmaceuticals,PAYPAL,28,DOLAR,
22-12-2000,9,47,ELDON LANNON,PATRICE BECH,ITALIANO,ZOOM,Fesperman Studios,CUPON,25,DOLAR,
16-12-2000,8,56,MARVA RIEKERT,VICTOR ACKEN,FRANCES,MEET,Demasi Heavy Industries,TARJETA,20,EURO,
08-12-2000,11,46,LAVETA WIDA,PASTY KIRSCHKE,ITALIANO,TEAMS,Lingenfelter Studios,TRANSFERENCIA,21,EURO,
07-12-2000,18,45,BRANDY GENCO,PAULITA GASKILL,ESPAÑOL,MEET,Kulik Group,TRANSFERENCIA,25,EURO,
20-11-2000,15,59,EDWARDO SHOUTS,PAULINA KRETLOW,FRANCES,DOMICILIO,North International,PAYPAL,27,DOLAR,
11-11-2000,10,53,ANGEL SAKODA,PARKER MOREL,INGLES,DOMICILIO,Untalan Cosmetics,CUPON,21,DOLAR,
08-11-2000,10,54,SVETLANA MAZELLA,MARYANNE KARRO,ITALIANO,DOMICILIO,Risher Heavy Industries,EFECTIVO,26,DOLAR,
11-10-2000,11,57,SHANTAY RELIC,MARGO ALLEMOND,FRANCES,ZOOM,Girardi Studios,CUPON,29,DOLAR,
28-09-2000,15,56,SCOTTY GOFFREDO,PATIENCE CALDERSON,ALEMAN,MEET,Kirkwood Pharmaceuticals,TRANSFERENCIA,22,EURO,
14-09-2000,10,55,CAMI KIRKWOOD,PASTY KIRSCHKE,ITALIANO,TEAMS,Detullio Design,TRANSFERENCIA,21,EURO,
14-09-2000,12,58,DANILO TITCH,MARGE WAKEHAM,ESPAÑOL,ZOOM,Oursler Design,PAYPAL,21,DOLAR,
06-09-2000,18,48,DANIELLE NETT,PATTI CHIEFFO,ALEMAN,TEAMS,Stojanovic Cosmetics,BIZUM,27,EURO,
15-08-2000,15,56,ALVIN GAGNER,PAULENE PENSICK,INGLES,MEET,Jessamy Heavy Industries,TARJETA,21,EURO,
15-08-2000,14,53,SHANEL WICHROWSKI,MARGET MUEHL,INGLES,TEAMS,Shippee International,TRANSFERENCIA,24,EURO,
01-08-2000,10,56,JANEY FORNELL,MARGARETTE MIZWICKI,INGLES,ZOOM,Kantz Studios,CUPON,21,DOLAR,
28-07-2000,13,59,GUILLERMO REMSBURG,MARGET MUEHL,INGLES,TEAMS,Bekerman Heavy Industries,TRANSFERENCIA,21,EURO,
11-07-2000,11,54,KRISTINA LIVSHITS,PARKER MOREL,INGLES,DOMICILIO,Aucter Design,EFECTIVO,26,DOLAR,
01-07-2000,18,50,MARY KOSSEN,MARGE WAKEHAM,ESPAÑOL,ZOOM,Pinsky Pharmaceuticals,CUPON,26,DOLAR,
21-06-2000,16,55,OLIVER DAMOUR,MARGET MUEHL,INGLES,TEAMS,Leven Group,TARJETA,26,EURO,
09-06-2000,16,52,MARGO ALLEMOND,PARTICIA SUKHU,FRANCES,TEAMS,Binsfeld Group,TARJETA,26,EURO,
08-06-2000,19,54,SYLVIE KOLLMAN,MARYANN CHAMP,ITALIANO,MEET,Sawlivich International,TRANSFERENCIA,26,EURO,
17-05-2000,15,45,SUZANN BEARS,PARKER MOREL,INGLES,DOMICILIO,Laughery Company,EFECTIVO,21,DOLAR,
20-04-2000,13,50,ENOCH STRINI,PATRICE BECH,ITALIANO,ZOOM,Shackley Cosmetics,PAYPAL,28,DOLAR,
18-04-2000,14,45,ELDEN BUFTON,MARYANNE KARRO,ITALIANO,DOMICILIO,Bignell Company,EFECTIVO,20,DOLAR,
04-04-2000,18,52,PERRY SQUINES,MARGARITO CLELAND,ALEMAN,DOMICILIO,Old Group,CUPON,20,DOLAR,
02-04-2000,11,45,OTHA MURTON,VICTOR ACKEN,FRANCES,MEET,Vanderhorst Company,TRANSFERENCIA,27,EURO,
31-03-2000,17,58,MARGARITO CLELAND,MARYANN CHAMP,ITALIANO,MEET,Babino Pharmaceuticals,TARJETA,26,EURO,
31-03-2000,15,56,DARRICK LEAVENWORTH,PAUL KELCOURSE,ESPAÑOL,DOMICILIO,Reinholt Pharmaceuticals,PAYPAL,28,DOLAR,
17-03-2000,16,55,WILFRED WELCH,MARGARITO CLELAND,ALEMAN,DOMICILIO,Spellane Heavy Industries,CUPON,28,DOLAR,
17-03-2000,15,56,ANGELO CARREON,MARGIE OSPINA,ESPAÑOL,TEAMS,Whetzell Studios,TARJETA,21,EURO,
06-03-2000,10,54,MADALENE WEAVERS,MARGE WAKEHAM,ESPAÑOL,ZOOM,Nondorf and Sons,EFECTIVO,27,DOLAR,
23-01-2000,19,45,JARED SIETZ,PATTI CHIEFFO,ALEMAN,TEAMS,Barger Cosmetics,TARJETA,20,EURO,
22-01-2000,17,48,LLOYD SHACKLEY,PATIENCE CALDERSON,ALEMAN,MEET,Nesland Group,BIZUM,25,EURO,
